Observation id,Observation date,Description,Observation duration,Observation type,Source,Time offset (s),Media duration (s),FPS,Subject,Behavior,Behavioral category,Type,Time,Media file name,Image index,Image file path,Comment
observation,11:54.6,,407.04,Media file(s),player #1:observation_with_box.mp4,0,408.975,29.97,,left-in,,POINT,1.935,observation_with_box.mp4,58,NA,
observation,11:54.6,,407.04,Media file(s),player #1:observation_with_box.mp4,0,408.975,29.97,,right-in,,POINT,2.802,observation_with_box.mp4,84,NA,
observation,11:54.6,,407.04,Media file(s),player #1:observation_with_box.mp4,0,408.975,29.97,,left-in,,POINT,3.103,observation_with_box.mp4,93,NA,
observation,11:54.6,,407.04,Media file(s),player #1:observation_with_box.mp4,0,408.975,29.97,,left-out,,POINT,3.403,observation_with_box.mp4,102,NA,
observation,11:54.6,,407.04,Media file(s),player #1:observation_with_box.mp4,0,408.975,29.97,,right-in,,POINT,4.271,observation_with_box.mp4,128,NA,
observation,11:54.6,,407.04,Media file(s),player #1:observation_with_box.mp4,0,408.975,29.97,,left-in,,POINT,4.437,observation_with_box.mp4,133,NA,
observation,11:54.6,,407.04,Media file(s),player #1:observation_with_box.mp4,0,408.975,29.97,,left-out,,POINT,4.838,observation_with_box.mp4,145,NA,
observation,11:54.6,,407.04,Media file(s),player #1:observation_with_box.mp4,0,408.975,29.97,,right-in,,POINT,5.138,observation_with_box.mp4,154,NA,
observation,11:54.6,,407.04,Media file(s),player #1:observation_with_box.mp4,0,408.975,29.97,,right-out,,POINT,5.338,observation_with_box.mp4,160,NA,
observation,11:54.6,,407.04,Media file(s),player #1:observation_with_box.mp4,0,408.975,29.97,,left-in,,POINT,5.405,observation_with_box.mp4,162,NA,
observation,11:54.6,,407.04,Media file(s),player #1:observation_with_box.mp4,0,408.975,29.97,,right-in,,POINT,5.839,observation_with_box.mp4,175,NA,
observation,11:54.6,,407.04,Media file(s),player #1:observation_with_box.mp4,0,408.975,29.97,,right-in,,POINT,6.039,observation_with_box.mp4,181,NA,
observation,11:54.6,,407.04,Media file(s),player #1:observation_with_box.mp4,0,408.975,29.97,,left-out,,POINT,7.107,observation_with_box.mp4,213,NA,
observation,11:54.6,,407.04,Media file(s),player #1:observation_with_box.mp4,0,408.975,29.97,,left-in,,POINT,7.674,observation_with_box.mp4,230,NA,
observation,11:54.6,,407.04,Media file(s),player #1:observation_with_box.mp4,0,408.975,29.97,,right-in,,POINT,7.774,observation_with_box.mp4,233,NA,
observation,11:54.6,,407.04,Media file(s),player #1:observation_with_box.mp4,0,408.975,29.97,,left-in,,POINT,8.108,observation_with_box.mp4,243,NA,
observation,11:54.6,,407.04,Media file(s),player #1:observation_with_box.mp4,0,408.975,29.97,,right-in,,POINT,8.241,observation_with_box.mp4,247,NA,
observation,11:54.6,,407.04,Media file(s),player #1:observation_with_box.mp4,0,408.975,29.97,,right-out,,POINT,8.375,observation_with_box.mp4,251,NA,
observation,11:54.6,,407.04,Media file(s),player #1:observation_with_box.mp4,0,408.975,29.97,,right-out,,POINT,8.542,observation_with_box.mp4,256,NA,
observation,11:54.6,,407.04,Media file(s),player #1:observation_with_box.mp4,0,408.975,29.97,,right-in,,POINT,8.808,observation_with_box.mp4,264,NA,
observation,11:54.6,,407.04,Media file(s),player #1:observation_with_box.mp4,0,408.975,29.97,,right-in,,POINT,8.975,observation_with_box.mp4,269,NA,
observation,11:54.6,,407.04,Media file(s),player #1:observation_with_box.mp4,0,408.975,29.97,,right-in,,POINT,9.209,observation_with_box.mp4,276,NA,
observation,11:54.6,,407.04,Media file(s),player #1:observation_with_box.mp4,0,408.975,29.97,,left-in,,POINT,9.342,observation_with_box.mp4,280,NA,
observation,11:54.6,,407.04,Media file(s),player #1:observation_with_box.mp4,0,408.975,29.97,,right-out,,POINT,9.509,observation_with_box.mp4,285,NA,
observation,11:54.6,,407.04,Media file(s),player #1:observation_with_box.mp4,0,408.975,29.97,,right-out,,POINT,9.809,observation_with_box.mp4,294,NA,
observation,11:54.6,,407.04,Media file(s),player #1:observation_with_box.mp4,0,408.975,29.97,,left-in,,POINT,9.843,observation_with_box.mp4,295,NA,
observation,11:54.6,,407.04,Media file(s),player #1:observation_with_box.mp4,0,408.975,29.97,,right-in,,POINT,10.377,observation_with_box.mp4,311,NA,
observation,11:54.6,,407.04,Media file(s),player #1:observation_with_box.mp4,0,408.975,29.97,,right-in,,POINT,10.41,observation_with_box.mp4,312,NA,
observation,11:54.6,,407.04,Media file(s),player #1:observation_with_box.mp4,0,408.975,29.97,,right-in,,POINT,10.543,observation_with_box.mp4,316,NA,
observation,11:54.6,,407.04,Media file(s),player #1:observation_with_box.mp4,0,408.975,29.97,,right-out,,POINT,10.81,observation_with_box.mp4,324,NA,
observation,11:54.6,,407.04,Media file(s),player #1:observation_with_box.mp4,0,408.975,29.97,,right-out,,POINT,11.044,observation_with_box.mp4,331,NA,
observation,11:54.6,,407.04,Media file(s),player #1:observation_with_box.mp4,0,408.975,29.97,,right-in,,POINT,11.311,observation_with_box.mp4,339,NA,
observation,11:54.6,,407.04,Media file(s),player #1:observation_with_box.mp4,0,408.975,29.97,,left-out,,POINT,11.411,observation_with_box.mp4,342,NA,
observation,11:54.6,,407.04,Media file(s),player #1:observation_with_box.mp4,0,408.975,29.97,,left-in,,POINT,11.478,observation_with_box.mp4,344,NA,
observation,11:54.6,,407.04,Media file(s),player #1:observation_with_box.mp4,0,408.975,29.97,,right-in,,POINT,11.578,observation_with_box.mp4,347,NA,
observation,11:54.6,,407.04,Media file(s),player #1:observation_with_box.mp4,0,408.975,29.97,,left-in,,POINT,11.645,observation_with_box.mp4,349,NA,
observation,11:54.6,,407.04,Media file(s),player #1:observation_with_box.mp4,0,408.975,29.97,,left-out,,POINT,11.745,observation_with_box.mp4,352,NA,
observation,11:54.6,,407.04,Media file(s),player #1:observation_with_box.mp4,0,408.975,29.97,,right-in,,POINT,11.778,observation_with_box.mp4,353,NA,
observation,11:54.6,,407.04,Media file(s),player #1:observation_with_box.mp4,0,408.975,29.97,,left-in,,POINT,11.845,observation_with_box.mp4,355,NA,
observation,11:54.6,,407.04,Media file(s),player #1:observation_with_box.mp4,0,408.975,29.97,,right-in,,POINT,11.978,observation_with_box.mp4,359,NA,
observation,11:54.6,,407.04,Media file(s),player #1:observation_with_box.mp4,0,408.975,29.97,,left-in,,POINT,12.546,observation_with_box.mp4,376,NA,
observation,11:54.6,,407.04,Media file(s),player #1:observation_with_box.mp4,0,408.975,29.97,,right-in,,POINT,12.546,observation_with_box.mp4,376,NA,
observation,11:54.6,,407.04,Media file(s),player #1:observation_with_box.mp4,0,408.975,29.97,,right-in,,POINT,13.046,observation_with_box.mp4,391,NA,
observation,11:54.6,,407.04,Media file(s),player #1:observation_with_box.mp4,0,408.975,29.97,,left-in,,POINT,13.28,observation_with_box.mp4,398,NA,
observation,11:54.6,,407.04,Media file(s),player #1:observation_with_box.mp4,0,408.975,29.97,,left-out,,POINT,13.28,observation_with_box.mp4,398,NA,
observation,11:54.6,,407.04,Media file(s),player #1:observation_with_box.mp4,0,408.975,29.97,,right-out,,POINT,13.28,observation_with_box.mp4,398,NA,
observation,11:54.6,,407.04,Media file(s),player #1:observation_with_box.mp4,0,408.975,29.97,,right-out,,POINT,13.98,observation_with_box.mp4,419,NA,
observation,11:54.6,,407.04,Media file(s),player #1:observation_with_box.mp4,0,408.975,29.97,,right-out,,POINT,14.114,observation_with_box.mp4,423,NA,
observation,11:54.6,,407.04,Media file(s),player #1:observation_with_box.mp4,0,408.975,29.97,,left-out,,POINT,14.147,observation_with_box.mp4,424,NA,
observation,11:54.6,,407.04,Media file(s),player #1:observation_with_box.mp4,0,408.975,29.97,,right-in,,POINT,14.247,observation_with_box.mp4,427,NA,
observation,11:54.6,,407.04,Media file(s),player #1:observation_with_box.mp4,0,408.975,29.97,,right-in,,POINT,14.447,observation_with_box.mp4,433,NA,
observation,11:54.6,,407.04,Media file(s),player #1:observation_with_box.mp4,0,408.975,29.97,,right-out,,POINT,14.481,observation_with_box.mp4,434,NA,
observation,11:54.6,,407.04,Media file(s),player #1:observation_with_box.mp4,0,408.975,29.97,,right-in,,POINT,14.648,observation_with_box.mp4,439,NA,
observation,11:54.6,,407.04,Media file(s),player #1:observation_with_box.mp4,0,408.975,29.97,,left-in,,POINT,15.048,observation_with_box.mp4,451,NA,
observation,11:54.6,,407.04,Media file(s),player #1:observation_with_box.mp4,0,408.975,29.97,,right-in,,POINT,15.181,observation_with_box.mp4,455,NA,
observation,11:54.6,,407.04,Media file(s),player #1:observation_with_box.mp4,0,408.975,29.97,,left-out,,POINT,15.215,observation_with_box.mp4,456,NA,
observation,11:54.6,,407.04,Media file(s),player #1:observation_with_box.mp4,0,408.975,29.97,,left-in,,POINT,15.248,observation_with_box.mp4,457,NA,
observation,11:54.6,,407.04,Media file(s),player #1:observation_with_box.mp4,0,408.975,29.97,,left-in,,POINT,15.348,observation_with_box.mp4,460,NA,
observation,11:54.6,,407.04,Media file(s),player #1:observation_with_box.mp4,0,408.975,29.97,,right-in,,POINT,15.482,observation_with_box.mp4,464,NA,
observation,11:54.6,,407.04,Media file(s),player #1:observation_with_box.mp4,0,408.975,29.97,,left-out,,POINT,15.615,observation_with_box.mp4,468,NA,
observation,11:54.6,,407.04,Media file(s),player #1:observation_with_box.mp4,0,408.975,29.97,,right-in,,POINT,15.615,observation_with_box.mp4,468,NA,
observation,11:54.6,,407.04,Media file(s),player #1:observation_with_box.mp4,0,408.975,29.97,,right-out,,POINT,15.615,observation_with_box.mp4,468,NA,
observation,11:54.6,,407.04,Media file(s),player #1:observation_with_box.mp4,0,408.975,29.97,,left-out,,POINT,15.649,observation_with_box.mp4,469,NA,
observation,11:54.6,,407.04,Media file(s),player #1:observation_with_box.mp4,0,408.975,29.97,,right-in,,POINT,15.782,observation_with_box.mp4,473,NA,
observation,11:54.6,,407.04,Media file(s),player #1:observation_with_box.mp4,0,408.975,29.97,,right-out,,POINT,15.782,observation_with_box.mp4,473,NA,
observation,11:54.6,,407.04,Media file(s),player #1:observation_with_box.mp4,0,408.975,29.97,,left-in,,POINT,15.882,observation_with_box.mp4,476,NA,
observation,11:54.6,,407.04,Media file(s),player #1:observation_with_box.mp4,0,408.975,29.97,,right-in,,POINT,15.949,observation_with_box.mp4,478,NA,
observation,11:54.6,,407.04,Media file(s),player #1:observation_with_box.mp4,0,408.975,29.97,,right-in,,POINT,16.249,observation_with_box.mp4,487,NA,
observation,11:54.6,,407.04,Media file(s),player #1:observation_with_box.mp4,0,408.975,29.97,,left-out,,POINT,16.416,observation_with_box.mp4,492,NA,
observation,11:54.6,,407.04,Media file(s),player #1:observation_with_box.mp4,0,408.975,29.97,,right-in,,POINT,16.416,observation_with_box.mp4,492,NA,
observation,11:54.6,,407.04,Media file(s),player #1:observation_with_box.mp4,0,408.975,29.97,,right-in,,POINT,16.516,observation_with_box.mp4,495,NA,
observation,11:54.6,,407.04,Media file(s),player #1:observation_with_box.mp4,0,408.975,29.97,,right-out,,POINT,16.516,observation_with_box.mp4,495,NA,
observation,11:54.6,,407.04,Media file(s),player #1:observation_with_box.mp4,0,408.975,29.97,,left-out,,POINT,16.583,observation_with_box.mp4,497,NA,
observation,11:54.6,,407.04,Media file(s),player #1:observation_with_box.mp4,0,408.975,29.97,,right-in,,POINT,16.783,observation_with_box.mp4,503,NA,
observation,11:54.6,,407.04,Media file(s),player #1:observation_with_box.mp4,0,408.975,29.97,,right-in,,POINT,16.95,observation_with_box.mp4,508,NA,
observation,11:54.6,,407.04,Media file(s),player #1:observation_with_box.mp4,0,408.975,29.97,,left-out,,POINT,17.15,observation_with_box.mp4,514,NA,
observation,11:54.6,,407.04,Media file(s),player #1:observation_with_box.mp4,0,408.975,29.97,,right-in,,POINT,17.25,observation_with_box.mp4,517,NA,
observation,11:54.6,,407.04,Media file(s),player #1:observation_with_box.mp4,0,408.975,29.97,,right-out,,POINT,17.317,observation_with_box.mp4,519,NA,
observation,11:54.6,,407.04,Media file(s),player #1:observation_with_box.mp4,0,408.975,29.97,,right-in,,POINT,17.417,observation_with_box.mp4,522,NA,
observation,11:54.6,,407.04,Media file(s),player #1:observation_with_box.mp4,0,408.975,29.97,,right-in,,POINT,17.517,observation_with_box.mp4,525,NA,
observation,11:54.6,,407.04,Media file(s),player #1:observation_with_box.mp4,0,408.975,29.97,,right-in,,POINT,17.651,observation_with_box.mp4,529,NA,
observation,11:54.6,,407.04,Media file(s),player #1:observation_with_box.mp4,0,408.975,29.97,,right-in,,POINT,17.817,observation_with_box.mp4,534,NA,
observation,11:54.6,,407.04,Media file(s),player #1:observation_with_box.mp4,0,408.975,29.97,,left-in,,POINT,17.851,observation_with_box.mp4,535,NA,
observation,11:54.6,,407.04,Media file(s),player #1:observation_with_box.mp4,0,408.975,29.97,,right-in,,POINT,18.018,observation_with_box.mp4,540,NA,
observation,11:54.6,,407.04,Media file(s),player #1:observation_with_box.mp4,0,408.975,29.97,,right-in,,POINT,18.118,observation_with_box.mp4,543,NA,
observation,11:54.6,,407.04,Media file(s),player #1:observation_with_box.mp4,0,408.975,29.97,,Bridge,,START,18.385,observation_with_box.mp4,551,NA,
observation,11:54.6,,407.04,Media file(s),player #1:observation_with_box.mp4,0,408.975,29.97,,right-out,,POINT,18.385,observation_with_box.mp4,551,NA,
observation,11:54.6,,407.04,Media file(s),player #1:observation_with_box.mp4,0,408.975,29.97,,right-in,,POINT,18.818,observation_with_box.mp4,564,NA,
observation,11:54.6,,407.04,Media file(s),player #1:observation_with_box.mp4,0,408.975,29.97,,right-in,,POINT,18.985,observation_with_box.mp4,569,NA,
observation,11:54.6,,407.04,Media file(s),player #1:observation_with_box.mp4,0,408.975,29.97,,left-out,,POINT,19.052,observation_with_box.mp4,571,NA,
observation,11:54.6,,407.04,Media file(s),player #1:observation_with_box.mp4,0,408.975,29.97,,right-in,,POINT,19.119,observation_with_box.mp4,573,NA,
observation,11:54.6,,407.04,Media file(s),player #1:observation_with_box.mp4,0,408.975,29.97,,right-out,,POINT,19.386,observation_with_box.mp4,581,NA,
observation,11:54.6,,407.04,Media file(s),player #1:observation_with_box.mp4,0,408.975,29.97,,right-out,,POINT,19.419,observation_with_box.mp4,582,NA,
observation,11:54.6,,407.04,Media file(s),player #1:observation_with_box.mp4,0,408.975,29.97,,right-out,,POINT,19.786,observation_with_box.mp4,593,NA,
observation,11:54.6,,407.04,Media file(s),player #1:observation_with_box.mp4,0,408.975,29.97,,left-out,,POINT,20.12,observation_with_box.mp4,603,NA,
observation,11:54.6,,407.04,Media file(s),player #1:observation_with_box.mp4,0,408.975,29.97,,left-in,,POINT,20.32,observation_with_box.mp4,609,NA,
observation,11:54.6,,407.04,Media file(s),player #1:observation_with_box.mp4,0,408.975,29.97,,right-out,,POINT,20.353,observation_with_box.mp4,610,NA,
observation,11:54.6,,407.04,Media file(s),player #1:observation_with_box.mp4,0,408.975,29.97,,left-out,,POINT,20.587,observation_with_box.mp4,617,NA,
observation,11:54.6,,407.04,Media file(s),player #1:observation_with_box.mp4,0,408.975,29.97,,left-in,,POINT,20.72,observation_with_box.mp4,621,NA,
observation,11:54.6,,407.04,Media file(s),player #1:observation_with_box.mp4,0,408.975,29.97,,right-in,,POINT,20.754,observation_with_box.mp4,622,NA,
observation,11:54.6,,407.04,Media file(s),player #1:observation_with_box.mp4,0,408.975,29.97,,right-in,,POINT,20.887,observation_with_box.mp4,626,NA,
observation,11:54.6,,407.04,Media file(s),player #1:observation_with_box.mp4,0,408.975,29.97,,right-in,,POINT,21.021,observation_with_box.mp4,630,NA,
observation,11:54.6,,407.04,Media file(s),player #1:observation_with_box.mp4,0,408.975,29.97,,left-out,,POINT,21.154,observation_with_box.mp4,634,NA,
observation,11:54.6,,407.04,Media file(s),player #1:observation_with_box.mp4,0,408.975,29.97,,left-in,,POINT,21.221,observation_with_box.mp4,636,NA,
observation,11:54.6,,407.04,Media file(s),player #1:observation_with_box.mp4,0,408.975,29.97,,right-in,,POINT,21.388,observation_with_box.mp4,641,NA,
observation,11:54.6,,407.04,Media file(s),player #1:observation_with_box.mp4,0,408.975,29.97,,left-in,,POINT,21.421,observation_with_box.mp4,642,NA,
observation,11:54.6,,407.04,Media file(s),player #1:observation_with_box.mp4,0,408.975,29.97,,left-out,,POINT,21.521,observation_with_box.mp4,645,NA,
observation,11:54.6,,407.04,Media file(s),player #1:observation_with_box.mp4,0,408.975,29.97,,left-out,,POINT,21.655,observation_with_box.mp4,649,NA,
observation,11:54.6,,407.04,Media file(s),player #1:observation_with_box.mp4,0,408.975,29.97,,right-out,,POINT,21.721,observation_with_box.mp4,651,NA,
observation,11:54.6,,407.04,Media file(s),player #1:observation_with_box.mp4,0,408.975,29.97,,right-out,,POINT,21.888,observation_with_box.mp4,656,NA,
observation,11:54.6,,407.04,Media file(s),player #1:observation_with_box.mp4,0,408.975,29.97,,left-in,,POINT,22.022,observation_with_box.mp4,660,NA,
observation,11:54.6,,407.04,Media file(s),player #1:observation_with_box.mp4,0,408.975,29.97,,left-out,,POINT,22.022,observation_with_box.mp4,660,NA,
observation,11:54.6,,407.04,Media file(s),player #1:observation_with_box.mp4,0,408.975,29.97,,left-out,,POINT,22.155,observation_with_box.mp4,664,NA,
observation,11:54.6,,407.04,Media file(s),player #1:observation_with_box.mp4,0,408.975,29.97,,right-in,,POINT,22.789,observation_with_box.mp4,683,NA,
observation,11:54.6,,407.04,Media file(s),player #1:observation_with_box.mp4,0,408.975,29.97,,left-out,,POINT,22.822,observation_with_box.mp4,684,NA,
observation,11:54.6,,407.04,Media file(s),player #1:observation_with_box.mp4,0,408.975,29.97,,left-out,,POINT,23.023,observation_with_box.mp4,690,NA,
observation,11:54.6,,407.04,Media file(s),player #1:observation_with_box.mp4,0,408.975,29.97,,left-out,,POINT,23.156,observation_with_box.mp4,694,NA,
observation,11:54.6,,407.04,Media file(s),player #1:observation_with_box.mp4,0,408.975,29.97,,left-out,,POINT,23.356,observation_with_box.mp4,700,NA,
observation,11:54.6,,407.04,Media file(s),player #1:observation_with_box.mp4,0,408.975,29.97,,left-out,,POINT,23.523,observation_with_box.mp4,705,NA,
observation,11:54.6,,407.04,Media file(s),player #1:observation_with_box.mp4,0,408.975,29.97,,right-in,,POINT,23.69,observation_with_box.mp4,710,NA,
observation,11:54.6,,407.04,Media file(s),player #1:observation_with_box.mp4,0,408.975,29.97,,right-out,,POINT,23.757,observation_with_box.mp4,712,NA,
observation,11:54.6,,407.04,Media file(s),player #1:observation_with_box.mp4,0,408.975,29.97,,right-in,,POINT,24.057,observation_with_box.mp4,721,NA,
observation,11:54.6,,407.04,Media file(s),player #1:observation_with_box.mp4,0,408.975,29.97,,left-in,,POINT,24.19,observation_with_box.mp4,725,NA,
observation,11:54.6,,407.04,Media file(s),player #1:observation_with_box.mp4,0,408.975,29.97,,left-out,,POINT,24.324,observation_with_box.mp4,729,NA,
observation,11:54.6,,407.04,Media file(s),player #1:observation_with_box.mp4,0,408.975,29.97,,right-in,,POINT,24.357,observation_with_box.mp4,730,NA,
observation,11:54.6,,407.04,Media file(s),player #1:observation_with_box.mp4,0,408.975,29.97,,right-out,,POINT,24.357,observation_with_box.mp4,730,NA,
observation,11:54.6,,407.04,Media file(s),player #1:observation_with_box.mp4,0,408.975,29.97,,right-out,,POINT,24.457,observation_with_box.mp4,733,NA,
observation,11:54.6,,407.04,Media file(s),player #1:observation_with_box.mp4,0,408.975,29.97,,right-in,,POINT,24.558,observation_with_box.mp4,736,NA,
observation,11:54.6,,407.04,Media file(s),player #1:observation_with_box.mp4,0,408.975,29.97,,left-out,,POINT,24.591,observation_with_box.mp4,737,NA,
observation,11:54.6,,407.04,Media file(s),player #1:observation_with_box.mp4,0,408.975,29.97,,right-in,,POINT,24.624,observation_with_box.mp4,738,NA,
observation,11:54.6,,407.04,Media file(s),player #1:observation_with_box.mp4,0,408.975,29.97,,right-out,,POINT,24.891,observation_with_box.mp4,746,NA,
observation,11:54.6,,407.04,Media file(s),player #1:observation_with_box.mp4,0,408.975,29.97,,right-in,,POINT,25.292,observation_with_box.mp4,758,NA,
observation,11:54.6,,407.04,Media file(s),player #1:observation_with_box.mp4,0,408.975,29.97,,right-out,,POINT,25.492,observation_with_box.mp4,764,NA,
observation,11:54.6,,407.04,Media file(s),player #1:observation_with_box.mp4,0,408.975,29.97,,left-out,,POINT,25.759,observation_with_box.mp4,772,NA,
observation,11:54.6,,407.04,Media file(s),player #1:observation_with_box.mp4,0,408.975,29.97,,right-in,,POINT,25.759,observation_with_box.mp4,772,NA,
observation,11:54.6,,407.04,Media file(s),player #1:observation_with_box.mp4,0,408.975,29.97,,right-in,,POINT,25.959,observation_with_box.mp4,778,NA,
observation,11:54.6,,407.04,Media file(s),player #1:observation_with_box.mp4,0,408.975,29.97,,left-out,,POINT,26.059,observation_with_box.mp4,781,NA,
observation,11:54.6,,407.04,Media file(s),player #1:observation_with_box.mp4,0,408.975,29.97,,right-in,,POINT,26.126,observation_with_box.mp4,783,NA,
observation,11:54.6,,407.04,Media file(s),player #1:observation_with_box.mp4,0,408.975,29.97,,left-out,,POINT,26.226,observation_with_box.mp4,786,NA,
observation,11:54.6,,407.04,Media file(s),player #1:observation_with_box.mp4,0,408.975,29.97,,left-out,,POINT,26.493,observation_with_box.mp4,794,NA,
observation,11:54.6,,407.04,Media file(s),player #1:observation_with_box.mp4,0,408.975,29.97,,right-in,,POINT,26.526,observation_with_box.mp4,795,NA,
observation,11:54.6,,407.04,Media file(s),player #1:observation_with_box.mp4,0,408.975,29.97,,right-in,,POINT,26.726,observation_with_box.mp4,801,NA,
observation,11:54.6,,407.04,Media file(s),player #1:observation_with_box.mp4,0,408.975,29.97,,left-out,,POINT,26.826,observation_with_box.mp4,804,NA,
observation,11:54.6,,407.04,Media file(s),player #1:observation_with_box.mp4,0,408.975,29.97,,right-in,,POINT,26.86,observation_with_box.mp4,805,NA,
observation,11:54.6,,407.04,Media file(s),player #1:observation_with_box.mp4,0,408.975,29.97,,left-out,,POINT,26.927,observation_with_box.mp4,807,NA,
observation,11:54.6,,407.04,Media file(s),player #1:observation_with_box.mp4,0,408.975,29.97,,right-in,,POINT,27.027,observation_with_box.mp4,810,NA,
observation,11:54.6,,407.04,Media file(s),player #1:observation_with_box.mp4,0,408.975,29.97,,right-in,,POINT,27.06,observation_with_box.mp4,811,NA,
observation,11:54.6,,407.04,Media file(s),player #1:observation_with_box.mp4,0,408.975,29.97,,right-in,,POINT,27.16,observation_with_box.mp4,814,NA,
observation,11:54.6,,407.04,Media file(s),player #1:observation_with_box.mp4,0,408.975,29.97,,right-in,,POINT,27.36,observation_with_box.mp4,820,NA,
observation,11:54.6,,407.04,Media file(s),player #1:observation_with_box.mp4,0,408.975,29.97,,left-out,,POINT,27.427,observation_with_box.mp4,822,NA,
observation,11:54.6,,407.04,Media file(s),player #1:observation_with_box.mp4,0,408.975,29.97,,right-in,,POINT,27.527,observation_with_box.mp4,825,NA,
observation,11:54.6,,407.04,Media file(s),player #1:observation_with_box.mp4,0,408.975,29.97,,left-out,,POINT,27.761,observation_with_box.mp4,832,NA,
observation,11:54.6,,407.04,Media file(s),player #1:observation_with_box.mp4,0,408.975,29.97,,right-in,,POINT,27.827,observation_with_box.mp4,834,NA,
observation,11:54.6,,407.04,Media file(s),player #1:observation_with_box.mp4,0,408.975,29.97,,left-out,,POINT,27.961,observation_with_box.mp4,838,NA,
observation,11:54.6,,407.04,Media file(s),player #1:observation_with_box.mp4,0,408.975,29.97,,left-out,,POINT,28.094,observation_with_box.mp4,842,NA,
observation,11:54.6,,407.04,Media file(s),player #1:observation_with_box.mp4,0,408.975,29.97,,right-in,,POINT,28.194,observation_with_box.mp4,845,NA,
observation,11:54.6,,407.04,Media file(s),player #1:observation_with_box.mp4,0,408.975,29.97,,right-out,,POINT,28.261,observation_with_box.mp4,847,NA,
observation,11:54.6,,407.04,Media file(s),player #1:observation_with_box.mp4,0,408.975,29.97,,left-out,,POINT,28.295,observation_with_box.mp4,848,NA,
observation,11:54.6,,407.04,Media file(s),player #1:observation_with_box.mp4,0,408.975,29.97,,right-in,,POINT,28.361,observation_with_box.mp4,850,NA,
observation,11:54.6,,407.04,Media file(s),player #1:observation_with_box.mp4,0,408.975,29.97,,left-out,,POINT,28.528,observation_with_box.mp4,855,NA,
observation,11:54.6,,407.04,Media file(s),player #1:observation_with_box.mp4,0,408.975,29.97,,right-in,,POINT,28.562,observation_with_box.mp4,856,NA,
observation,11:54.6,,407.04,Media file(s),player #1:observation_with_box.mp4,0,408.975,29.97,,right-in,,POINT,28.695,observation_with_box.mp4,860,NA,
observation,11:54.6,,407.04,Media file(s),player #1:observation_with_box.mp4,0,408.975,29.97,,left-out,,POINT,28.862,observation_with_box.mp4,865,NA,
observation,11:54.6,,407.04,Media file(s),player #1:observation_with_box.mp4,0,408.975,29.97,,right-in,,POINT,28.862,observation_with_box.mp4,865,NA,
observation,11:54.6,,407.04,Media file(s),player #1:observation_with_box.mp4,0,408.975,29.97,,left-out,,POINT,28.995,observation_with_box.mp4,869,NA,
observation,11:54.6,,407.04,Media file(s),player #1:observation_with_box.mp4,0,408.975,29.97,,right-in,,POINT,29.029,observation_with_box.mp4,870,NA,
observation,11:54.6,,407.04,Media file(s),player #1:observation_with_box.mp4,0,408.975,29.97,,left-out,,POINT,29.329,observation_with_box.mp4,879,NA,
observation,11:54.6,,407.04,Media file(s),player #1:observation_with_box.mp4,0,408.975,29.97,,right-in,,POINT,29.429,observation_with_box.mp4,882,NA,
observation,11:54.6,,407.04,Media file(s),player #1:observation_with_box.mp4,0,408.975,29.97,,left-out,,POINT,29.596,observation_with_box.mp4,887,NA,
observation,11:54.6,,407.04,Media file(s),player #1:observation_with_box.mp4,0,408.975,29.97,,right-in,,POINT,29.629,observation_with_box.mp4,888,NA,
observation,11:54.6,,407.04,Media file(s),player #1:observation_with_box.mp4,0,408.975,29.97,,left-out,,POINT,29.796,observation_with_box.mp4,893,NA,
observation,11:54.6,,407.04,Media file(s),player #1:observation_with_box.mp4,0,408.975,29.97,,right-in,,POINT,29.829,observation_with_box.mp4,894,NA,
observation,11:54.6,,407.04,Media file(s),player #1:observation_with_box.mp4,0,408.975,29.97,,left-out,,POINT,29.963,observation_with_box.mp4,898,NA,
observation,11:54.6,,407.04,Media file(s),player #1:observation_with_box.mp4,0,408.975,29.97,,right-in,,POINT,29.996,observation_with_box.mp4,899,NA,
observation,11:54.6,,407.04,Media file(s),player #1:observation_with_box.mp4,0,408.975,29.97,,right-in,,POINT,30.13,observation_with_box.mp4,903,NA,
observation,11:54.6,,407.04,Media file(s),player #1:observation_with_box.mp4,0,408.975,29.97,,left-out,,POINT,30.163,observation_with_box.mp4,904,NA,
observation,11:54.6,,407.04,Media file(s),player #1:observation_with_box.mp4,0,408.975,29.97,,left-out,,POINT,30.43,observation_with_box.mp4,912,NA,
observation,11:54.6,,407.04,Media file(s),player #1:observation_with_box.mp4,0,408.975,29.97,,left-out,,POINT,30.597,observation_with_box.mp4,917,NA,
observation,11:54.6,,407.04,Media file(s),player #1:observation_with_box.mp4,0,408.975,29.97,,left-out,,POINT,30.931,observation_with_box.mp4,927,NA,
observation,11:54.6,,407.04,Media file(s),player #1:observation_with_box.mp4,0,408.975,29.97,,right-in,,POINT,30.997,observation_with_box.mp4,929,NA,
observation,11:54.6,,407.04,Media file(s),player #1:observation_with_box.mp4,0,408.975,29.97,,left-out,,POINT,31.064,observation_with_box.mp4,931,NA,
observation,11:54.6,,407.04,Media file(s),player #1:observation_with_box.mp4,0,408.975,29.97,,left-out,,POINT,31.164,observation_with_box.mp4,934,NA,
observation,11:54.6,,407.04,Media file(s),player #1:observation_with_box.mp4,0,408.975,29.97,,right-in,,POINT,31.164,observation_with_box.mp4,934,NA,
observation,11:54.6,,407.04,Media file(s),player #1:observation_with_box.mp4,0,408.975,29.97,,left-out,,POINT,31.298,observation_with_box.mp4,938,NA,
observation,11:54.6,,407.04,Media file(s),player #1:observation_with_box.mp4,0,408.975,29.97,,left-out,,POINT,31.431,observation_with_box.mp4,942,NA,
observation,11:54.6,,407.04,Media file(s),player #1:observation_with_box.mp4,0,408.975,29.97,,left-out,,POINT,31.665,observation_with_box.mp4,949,NA,
observation,11:54.6,,407.04,Media file(s),player #1:observation_with_box.mp4,0,408.975,29.97,,left-out,,POINT,31.898,observation_with_box.mp4,956,NA,
observation,11:54.6,,407.04,Media file(s),player #1:observation_with_box.mp4,0,408.975,29.97,,right-out,,POINT,31.932,observation_with_box.mp4,957,NA,
observation,11:54.6,,407.04,Media file(s),player #1:observation_with_box.mp4,0,408.975,29.97,,left-out,,POINT,32.032,observation_with_box.mp4,960,NA,
observation,11:54.6,,407.04,Media file(s),player #1:observation_with_box.mp4,0,408.975,29.97,,left-out,,POINT,32.399,observation_with_box.mp4,971,NA,
observation,11:54.6,,407.04,Media file(s),player #1:observation_with_box.mp4,0,408.975,29.97,,left-out,,POINT,32.599,observation_with_box.mp4,977,NA,
observation,11:54.6,,407.04,Media file(s),player #1:observation_with_box.mp4,0,408.975,29.97,,left-out,,POINT,32.666,observation_with_box.mp4,979,NA,
observation,11:54.6,,407.04,Media file(s),player #1:observation_with_box.mp4,0,408.975,29.97,,left-out,,POINT,32.832,observation_with_box.mp4,984,NA,
observation,11:54.6,,407.04,Media file(s),player #1:observation_with_box.mp4,0,408.975,29.97,,left-out,,POINT,33.133,observation_with_box.mp4,993,NA,
observation,11:54.6,,407.04,Media file(s),player #1:observation_with_box.mp4,0,408.975,29.97,,left-out,,POINT,33.333,observation_with_box.mp4,999,NA,
observation,11:54.6,,407.04,Media file(s),player #1:observation_with_box.mp4,0,408.975,29.97,,Bridge,,STOP,34,observation_with_box.mp4,1019,NA,
observation,11:54.6,,407.04,Media file(s),player #1:observation_with_box.mp4,0,408.975,29.97,,right-out,,POINT,34.267,observation_with_box.mp4,1027,NA,
observation,11:54.6,,407.04,Media file(s),player #1:observation_with_box.mp4,0,408.975,29.97,,right-out,,POINT,34.568,observation_with_box.mp4,1036,NA,
observation,11:54.6,,407.04,Media file(s),player #1:observation_with_box.mp4,0,408.975,29.97,,left-in,,POINT,34.634,observation_with_box.mp4,1038,NA,
observation,11:54.6,,407.04,Media file(s),player #1:observation_with_box.mp4,0,408.975,29.97,,right-out,,POINT,35.001,observation_with_box.mp4,1049,NA,
observation,11:54.6,,407.04,Media file(s),player #1:observation_with_box.mp4,0,408.975,29.97,,right-in,,POINT,35.101,observation_with_box.mp4,1052,NA,
observation,11:54.6,,407.04,Media file(s),player #1:observation_with_box.mp4,0,408.975,29.97,,right-out,,POINT,35.235,observation_with_box.mp4,1056,NA,
observation,11:54.6,,407.04,Media file(s),player #1:observation_with_box.mp4,0,408.975,29.97,,left-in,,POINT,35.268,observation_with_box.mp4,1057,NA,
observation,11:54.6,,407.04,Media file(s),player #1:observation_with_box.mp4,0,408.975,29.97,,right-in,,POINT,35.502,observation_with_box.mp4,1064,NA,
observation,11:54.6,,407.04,Media file(s),player #1:observation_with_box.mp4,0,408.975,29.97,,left-in,,POINT,35.802,observation_with_box.mp4,1073,NA,
observation,11:54.6,,407.04,Media file(s),player #1:observation_with_box.mp4,0,408.975,29.97,,right-in,,POINT,35.869,observation_with_box.mp4,1075,NA,
observation,11:54.6,,407.04,Media file(s),player #1:observation_with_box.mp4,0,408.975,29.97,,left-out,,POINT,35.936,observation_with_box.mp4,1077,NA,
observation,11:54.6,,407.04,Media file(s),player #1:observation_with_box.mp4,0,408.975,29.97,,right-out,,POINT,36.002,observation_with_box.mp4,1079,NA,
observation,11:54.6,,407.04,Media file(s),player #1:observation_with_box.mp4,0,408.975,29.97,,right-out,,POINT,36.403,observation_with_box.mp4,1091,NA,
observation,11:54.6,,407.04,Media file(s),player #1:observation_with_box.mp4,0,408.975,29.97,,left-in,,POINT,36.436,observation_with_box.mp4,1092,NA,
observation,11:54.6,,407.04,Media file(s),player #1:observation_with_box.mp4,0,408.975,29.97,,left-in,,POINT,36.503,observation_with_box.mp4,1094,NA,
observation,11:54.6,,407.04,Media file(s),player #1:observation_with_box.mp4,0,408.975,29.97,,left-in,,POINT,36.636,observation_with_box.mp4,1098,NA,
observation,11:54.6,,407.04,Media file(s),player #1:observation_with_box.mp4,0,408.975,29.97,,right-out,,POINT,36.703,observation_with_box.mp4,1100,NA,
observation,11:54.6,,407.04,Media file(s),player #1:observation_with_box.mp4,0,408.975,29.97,,left-in,,POINT,37.137,observation_with_box.mp4,1113,NA,
observation,11:54.6,,407.04,Media file(s),player #1:observation_with_box.mp4,0,408.975,29.97,,right-out,,POINT,37.203,observation_with_box.mp4,1115,NA,
observation,11:54.6,,407.04,Media file(s),player #1:observation_with_box.mp4,0,408.975,29.97,,right-out,,POINT,37.304,observation_with_box.mp4,1118,NA,
observation,11:54.6,,407.04,Media file(s),player #1:observation_with_box.mp4,0,408.975,29.97,,left-in,,POINT,37.337,observation_with_box.mp4,1119,NA,
observation,11:54.6,,407.04,Media file(s),player #1:observation_with_box.mp4,0,408.975,29.97,,right-out,,POINT,37.437,observation_with_box.mp4,1122,NA,
observation,11:54.6,,407.04,Media file(s),player #1:observation_with_box.mp4,0,408.975,29.97,,left-out,,POINT,37.47,observation_with_box.mp4,1123,NA,
observation,11:54.6,,407.04,Media file(s),player #1:observation_with_box.mp4,0,408.975,29.97,,right-out,,POINT,37.604,observation_with_box.mp4,1127,NA,
observation,11:54.6,,407.04,Media file(s),player #1:observation_with_box.mp4,0,408.975,29.97,,right-in,,POINT,37.737,observation_with_box.mp4,1131,NA,
observation,11:54.6,,407.04,Media file(s),player #1:observation_with_box.mp4,0,408.975,29.97,,right-in,,POINT,37.971,observation_with_box.mp4,1138,NA,
observation,11:54.6,,407.04,Media file(s),player #1:observation_with_box.mp4,0,408.975,29.97,,left-out,,POINT,38.104,observation_with_box.mp4,1142,NA,
observation,11:54.6,,407.04,Media file(s),player #1:observation_with_box.mp4,0,408.975,29.97,,right-in,,POINT,38.204,observation_with_box.mp4,1145,NA,
observation,11:54.6,,407.04,Media file(s),player #1:observation_with_box.mp4,0,408.975,29.97,,right-in,,POINT,38.371,observation_with_box.mp4,1150,NA,
observation,11:54.6,,407.04,Media file(s),player #1:observation_with_box.mp4,0,408.975,29.97,,left-out,,POINT,38.538,observation_with_box.mp4,1155,NA,
observation,11:54.6,,407.04,Media file(s),player #1:observation_with_box.mp4,0,408.975,29.97,,right-in,,POINT,38.638,observation_with_box.mp4,1158,NA,
observation,11:54.6,,407.04,Media file(s),player #1:observation_with_box.mp4,0,408.975,29.97,,right-in,,POINT,38.772,observation_with_box.mp4,1162,NA,
observation,11:54.6,,407.04,Media file(s),player #1:observation_with_box.mp4,0,408.975,29.97,,right-in,,POINT,39.339,observation_with_box.mp4,1179,NA,
observation,11:54.6,,407.04,Media file(s),player #1:observation_with_box.mp4,0,408.975,29.97,,right-in,,POINT,39.506,observation_with_box.mp4,1184,NA,
observation,11:54.6,,407.04,Media file(s),player #1:observation_with_box.mp4,0,408.975,29.97,,right-in,,POINT,39.706,observation_with_box.mp4,1190,NA,
observation,11:54.6,,407.04,Media file(s),player #1:observation_with_box.mp4,0,408.975,29.97,,right-in,,POINT,39.739,observation_with_box.mp4,1191,NA,
observation,11:54.6,,407.04,Media file(s),player #1:observation_with_box.mp4,0,408.975,29.97,,left-out,,POINT,39.773,observation_with_box.mp4,1192,NA,
observation,11:54.6,,407.04,Media file(s),player #1:observation_with_box.mp4,0,408.975,29.97,,right-in,,POINT,39.873,observation_with_box.mp4,1195,NA,
observation,11:54.6,,407.04,Media file(s),player #1:observation_with_box.mp4,0,408.975,29.97,,right-in,,POINT,39.94,observation_with_box.mp4,1197,NA,
observation,11:54.6,,407.04,Media file(s),player #1:observation_with_box.mp4,0,408.975,29.97,,right-in,,POINT,40.106,observation_with_box.mp4,1202,NA,
observation,11:54.6,,407.04,Media file(s),player #1:observation_with_box.mp4,0,408.975,29.97,,left-out,,POINT,40.173,observation_with_box.mp4,1204,NA,
observation,11:54.6,,407.04,Media file(s),player #1:observation_with_box.mp4,0,408.975,29.97,,right-in,,POINT,40.24,observation_with_box.mp4,1206,NA,
observation,11:54.6,,407.04,Media file(s),player #1:observation_with_box.mp4,0,408.975,29.97,,left-out,,POINT,40.307,observation_with_box.mp4,1208,NA,
observation,11:54.6,,407.04,Media file(s),player #1:observation_with_box.mp4,0,408.975,29.97,,left-in,,POINT,40.44,observation_with_box.mp4,1212,NA,
observation,11:54.6,,407.04,Media file(s),player #1:observation_with_box.mp4,0,408.975,29.97,,right-in,,POINT,40.54,observation_with_box.mp4,1215,NA,
observation,11:54.6,,407.04,Media file(s),player #1:observation_with_box.mp4,0,408.975,29.97,,left-out,,POINT,40.707,observation_with_box.mp4,1220,NA,
observation,11:54.6,,407.04,Media file(s),player #1:observation_with_box.mp4,0,408.975,29.97,,right-in,,POINT,40.807,observation_with_box.mp4,1223,NA,
observation,11:54.6,,407.04,Media file(s),player #1:observation_with_box.mp4,0,408.975,29.97,,left-out,,POINT,41.041,observation_with_box.mp4,1230,NA,
observation,11:54.6,,407.04,Media file(s),player #1:observation_with_box.mp4,0,408.975,29.97,,left-out,,POINT,41.141,observation_with_box.mp4,1233,NA,
observation,11:54.6,,407.04,Media file(s),player #1:observation_with_box.mp4,0,408.975,29.97,,right-in,,POINT,41.141,observation_with_box.mp4,1233,NA,
observation,11:54.6,,407.04,Media file(s),player #1:observation_with_box.mp4,0,408.975,29.97,,right-out,,POINT,41.341,observation_with_box.mp4,1239,NA,
observation,11:54.6,,407.04,Media file(s),player #1:observation_with_box.mp4,0,408.975,29.97,,right-out,,POINT,41.608,observation_with_box.mp4,1247,NA,
observation,11:54.6,,407.04,Media file(s),player #1:observation_with_box.mp4,0,408.975,29.97,,right-in,,POINT,41.808,observation_with_box.mp4,1253,NA,
observation,11:54.6,,407.04,Media file(s),player #1:observation_with_box.mp4,0,408.975,29.97,,right-in,,POINT,42.042,observation_with_box.mp4,1260,NA,
observation,11:54.6,,407.04,Media file(s),player #1:observation_with_box.mp4,0,408.975,29.97,,right-out,,POINT,42.309,observation_with_box.mp4,1268,NA,
observation,11:54.6,,407.04,Media file(s),player #1:observation_with_box.mp4,0,408.975,29.97,,left-out,,POINT,42.475,observation_with_box.mp4,1273,NA,
observation,11:54.6,,407.04,Media file(s),player #1:observation_with_box.mp4,0,408.975,29.97,,right-in,,POINT,42.475,observation_with_box.mp4,1273,NA,
observation,11:54.6,,407.04,Media file(s),player #1:observation_with_box.mp4,0,408.975,29.97,,right-in,,POINT,42.642,observation_with_box.mp4,1278,NA,
observation,11:54.6,,407.04,Media file(s),player #1:observation_with_box.mp4,0,408.975,29.97,,right-out,,POINT,42.642,observation_with_box.mp4,1278,NA,
observation,11:54.6,,407.04,Media file(s),player #1:observation_with_box.mp4,0,408.975,29.97,,right-in,,POINT,42.909,observation_with_box.mp4,1286,NA,
observation,11:54.6,,407.04,Media file(s),player #1:observation_with_box.mp4,0,408.975,29.97,,left-in,,POINT,43.009,observation_with_box.mp4,1289,NA,
observation,11:54.6,,407.04,Media file(s),player #1:observation_with_box.mp4,0,408.975,29.97,,right-in,,POINT,43.109,observation_with_box.mp4,1292,NA,
observation,11:54.6,,407.04,Media file(s),player #1:observation_with_box.mp4,0,408.975,29.97,,right-out,,POINT,43.176,observation_with_box.mp4,1294,NA,
observation,11:54.6,,407.04,Media file(s),player #1:observation_with_box.mp4,0,408.975,29.97,,right-out,,POINT,43.71,observation_with_box.mp4,1310,NA,
observation,11:54.6,,407.04,Media file(s),player #1:observation_with_box.mp4,0,408.975,29.97,,right-out,,POINT,43.91,observation_with_box.mp4,1316,NA,
observation,11:54.6,,407.04,Media file(s),player #1:observation_with_box.mp4,0,408.975,29.97,,right-in,,POINT,44.077,observation_with_box.mp4,1321,NA,
observation,11:54.6,,407.04,Media file(s),player #1:observation_with_box.mp4,0,408.975,29.97,,right-out,,POINT,44.277,observation_with_box.mp4,1327,NA,
observation,11:54.6,,407.04,Media file(s),player #1:observation_with_box.mp4,0,408.975,29.97,,left-in,,POINT,44.744,observation_with_box.mp4,1341,NA,
observation,11:54.6,,407.04,Media file(s),player #1:observation_with_box.mp4,0,408.975,29.97,,right-out,,POINT,44.844,observation_with_box.mp4,1344,NA,
observation,11:54.6,,407.04,Media file(s),player #1:observation_with_box.mp4,0,408.975,29.97,,right-in,,POINT,45.178,observation_with_box.mp4,1354,NA,
observation,11:54.6,,407.04,Media file(s),player #1:observation_with_box.mp4,0,408.975,29.97,,right-out,,POINT,45.178,observation_with_box.mp4,1354,NA,
observation,11:54.6,,407.04,Media file(s),player #1:observation_with_box.mp4,0,408.975,29.97,,right-out,,POINT,45.378,observation_with_box.mp4,1360,NA,
observation,11:54.6,,407.04,Media file(s),player #1:observation_with_box.mp4,0,408.975,29.97,,left-in,,POINT,45.445,observation_with_box.mp4,1362,NA,
observation,11:54.6,,407.04,Media file(s),player #1:observation_with_box.mp4,0,408.975,29.97,,right-out,,POINT,46.012,observation_with_box.mp4,1379,NA,
observation,11:54.6,,407.04,Media file(s),player #1:observation_with_box.mp4,0,408.975,29.97,,right-in,,POINT,46.313,observation_with_box.mp4,1388,NA,
observation,11:54.6,,407.04,Media file(s),player #1:observation_with_box.mp4,0,408.975,29.97,,right-out,,POINT,46.379,observation_with_box.mp4,1390,NA,
observation,11:54.6,,407.04,Media file(s),player #1:observation_with_box.mp4,0,408.975,29.97,,left-in,,POINT,46.446,observation_with_box.mp4,1392,NA,
observation,11:54.6,,407.04,Media file(s),player #1:observation_with_box.mp4,0,408.975,29.97,,right-in,,POINT,46.479,observation_with_box.mp4,1393,NA,
observation,11:54.6,,407.04,Media file(s),player #1:observation_with_box.mp4,0,408.975,29.97,,left-in,,POINT,46.58,observation_with_box.mp4,1396,NA,
observation,11:54.6,,407.04,Media file(s),player #1:observation_with_box.mp4,0,408.975,29.97,,right-in,,POINT,46.58,observation_with_box.mp4,1396,NA,
observation,11:54.6,,407.04,Media file(s),player #1:observation_with_box.mp4,0,408.975,29.97,,left-in,,POINT,46.746,observation_with_box.mp4,1401,NA,
observation,11:54.6,,407.04,Media file(s),player #1:observation_with_box.mp4,0,408.975,29.97,,right-out,,POINT,46.813,observation_with_box.mp4,1403,NA,
observation,11:54.6,,407.04,Media file(s),player #1:observation_with_box.mp4,0,408.975,29.97,,right-out,,POINT,46.88,observation_with_box.mp4,1405,NA,
observation,11:54.6,,407.04,Media file(s),player #1:observation_with_box.mp4,0,408.975,29.97,,left-in,,POINT,46.947,observation_with_box.mp4,1407,NA,
observation,11:54.6,,407.04,Media file(s),player #1:observation_with_box.mp4,0,408.975,29.97,,right-in,,POINT,46.98,observation_with_box.mp4,1408,NA,
observation,11:54.6,,407.04,Media file(s),player #1:observation_with_box.mp4,0,408.975,29.97,,right-in,,POINT,47.147,observation_with_box.mp4,1413,NA,
observation,11:54.6,,407.04,Media file(s),player #1:observation_with_box.mp4,0,408.975,29.97,,left-in,,POINT,47.18,observation_with_box.mp4,1414,NA,
observation,11:54.6,,407.04,Media file(s),player #1:observation_with_box.mp4,0,408.975,29.97,,left-in,,POINT,47.28,observation_with_box.mp4,1417,NA,
observation,11:54.6,,407.04,Media file(s),player #1:observation_with_box.mp4,0,408.975,29.97,,right-out,,POINT,47.28,observation_with_box.mp4,1417,NA,
observation,11:54.6,,407.04,Media file(s),player #1:observation_with_box.mp4,0,408.975,29.97,,right-in,,POINT,47.48,observation_with_box.mp4,1423,NA,
observation,11:54.6,,407.04,Media file(s),player #1:observation_with_box.mp4,0,408.975,29.97,,right-in,,POINT,47.714,observation_with_box.mp4,1430,NA,
observation,11:54.6,,407.04,Media file(s),player #1:observation_with_box.mp4,0,408.975,29.97,,left-in,,POINT,47.747,observation_with_box.mp4,1431,NA,
observation,11:54.6,,407.04,Media file(s),player #1:observation_with_box.mp4,0,408.975,29.97,,right-in,,POINT,47.881,observation_with_box.mp4,1435,NA,
observation,11:54.6,,407.04,Media file(s),player #1:observation_with_box.mp4,0,408.975,29.97,,Bridge,,START,48.081,observation_with_box.mp4,1441,NA,
observation,11:54.6,,407.04,Media file(s),player #1:observation_with_box.mp4,0,408.975,29.97,,left-in,,POINT,48.181,observation_with_box.mp4,1444,NA,
observation,11:54.6,,407.04,Media file(s),player #1:observation_with_box.mp4,0,408.975,29.97,,right-out,,POINT,48.415,observation_with_box.mp4,1451,NA,
observation,11:54.6,,407.04,Media file(s),player #1:observation_with_box.mp4,0,408.975,29.97,,right-in,,POINT,48.481,observation_with_box.mp4,1453,NA,
observation,11:54.6,,407.04,Media file(s),player #1:observation_with_box.mp4,0,408.975,29.97,,right-in,,POINT,48.515,observation_with_box.mp4,1454,NA,
observation,11:54.6,,407.04,Media file(s),player #1:observation_with_box.mp4,0,408.975,29.97,,left-in,,POINT,48.582,observation_with_box.mp4,1456,NA,
observation,11:54.6,,407.04,Media file(s),player #1:observation_with_box.mp4,0,408.975,29.97,,right-out,,POINT,48.682,observation_with_box.mp4,1459,NA,
observation,11:54.6,,407.04,Media file(s),player #1:observation_with_box.mp4,0,408.975,29.97,,right-in,,POINT,48.748,observation_with_box.mp4,1461,NA,
observation,11:54.6,,407.04,Media file(s),player #1:observation_with_box.mp4,0,408.975,29.97,,right-in,,POINT,48.915,observation_with_box.mp4,1466,NA,
observation,11:54.6,,407.04,Media file(s),player #1:observation_with_box.mp4,0,408.975,29.97,,right-in,,POINT,48.949,observation_with_box.mp4,1467,NA,
observation,11:54.6,,407.04,Media file(s),player #1:observation_with_box.mp4,0,408.975,29.97,,left-in,,POINT,48.982,observation_with_box.mp4,1468,NA,
observation,11:54.6,,407.04,Media file(s),player #1:observation_with_box.mp4,0,408.975,29.97,,right-in,,POINT,49.082,observation_with_box.mp4,1471,NA,
observation,11:54.6,,407.04,Media file(s),player #1:observation_with_box.mp4,0,408.975,29.97,,right-out,,POINT,49.215,observation_with_box.mp4,1475,NA,
observation,11:54.6,,407.04,Media file(s),player #1:observation_with_box.mp4,0,408.975,29.97,,left-in,,POINT,49.249,observation_with_box.mp4,1476,NA,
observation,11:54.6,,407.04,Media file(s),player #1:observation_with_box.mp4,0,408.975,29.97,,right-in,,POINT,49.249,observation_with_box.mp4,1476,NA,
observation,11:54.6,,407.04,Media file(s),player #1:observation_with_box.mp4,0,408.975,29.97,,left-out,,POINT,49.282,observation_with_box.mp4,1477,NA,
observation,11:54.6,,407.04,Media file(s),player #1:observation_with_box.mp4,0,408.975,29.97,,left-in,,POINT,49.449,observation_with_box.mp4,1482,NA,
observation,11:54.6,,407.04,Media file(s),player #1:observation_with_box.mp4,0,408.975,29.97,,right-in,,POINT,49.583,observation_with_box.mp4,1486,NA,
observation,11:54.6,,407.04,Media file(s),player #1:observation_with_box.mp4,0,408.975,29.97,,right-in,,POINT,49.783,observation_with_box.mp4,1492,NA,
observation,11:54.6,,407.04,Media file(s),player #1:observation_with_box.mp4,0,408.975,29.97,,right-in,,POINT,49.816,observation_with_box.mp4,1493,NA,
observation,11:54.6,,407.04,Media file(s),player #1:observation_with_box.mp4,0,408.975,29.97,,left-out,,POINT,49.916,observation_with_box.mp4,1496,NA,
observation,11:54.6,,407.04,Media file(s),player #1:observation_with_box.mp4,0,408.975,29.97,,right-in,,POINT,50.05,observation_with_box.mp4,1500,NA,
observation,11:54.6,,407.04,Media file(s),player #1:observation_with_box.mp4,0,408.975,29.97,,left-out,,POINT,50.116,observation_with_box.mp4,1502,NA,
observation,11:54.6,,407.04,Media file(s),player #1:observation_with_box.mp4,0,408.975,29.97,,left-out,,POINT,50.25,observation_with_box.mp4,1506,NA,
observation,11:54.6,,407.04,Media file(s),player #1:observation_with_box.mp4,0,408.975,29.97,,left-in,,POINT,50.317,observation_with_box.mp4,1508,NA,
observation,11:54.6,,407.04,Media file(s),player #1:observation_with_box.mp4,0,408.975,29.97,,right-in,,POINT,50.383,observation_with_box.mp4,1510,NA,
observation,11:54.6,,407.04,Media file(s),player #1:observation_with_box.mp4,0,408.975,29.97,,right-in,,POINT,50.483,observation_with_box.mp4,1513,NA,
observation,11:54.6,,407.04,Media file(s),player #1:observation_with_box.mp4,0,408.975,29.97,,right-out,,POINT,50.55,observation_with_box.mp4,1515,NA,
observation,11:54.6,,407.04,Media file(s),player #1:observation_with_box.mp4,0,408.975,29.97,,right-in,,POINT,50.75,observation_with_box.mp4,1521,NA,
observation,11:54.6,,407.04,Media file(s),player #1:observation_with_box.mp4,0,408.975,29.97,,right-out,,POINT,50.884,observation_with_box.mp4,1525,NA,
observation,11:54.6,,407.04,Media file(s),player #1:observation_with_box.mp4,0,408.975,29.97,,left-out,,POINT,50.951,observation_with_box.mp4,1527,NA,
observation,11:54.6,,407.04,Media file(s),player #1:observation_with_box.mp4,0,408.975,29.97,,right-out,,POINT,51.051,observation_with_box.mp4,1530,NA,
observation,11:54.6,,407.04,Media file(s),player #1:observation_with_box.mp4,0,408.975,29.97,,left-out,,POINT,51.084,observation_with_box.mp4,1531,NA,
observation,11:54.6,,407.04,Media file(s),player #1:observation_with_box.mp4,0,408.975,29.97,,left-out,,POINT,51.151,observation_with_box.mp4,1533,NA,
observation,11:54.6,,407.04,Media file(s),player #1:observation_with_box.mp4,0,408.975,29.97,,right-in,,POINT,51.184,observation_with_box.mp4,1534,NA,
observation,11:54.6,,407.04,Media file(s),player #1:observation_with_box.mp4,0,408.975,29.97,,left-out,,POINT,51.251,observation_with_box.mp4,1536,NA,
observation,11:54.6,,407.04,Media file(s),player #1:observation_with_box.mp4,0,408.975,29.97,,left-out,,POINT,51.384,observation_with_box.mp4,1540,NA,
observation,11:54.6,,407.04,Media file(s),player #1:observation_with_box.mp4,0,408.975,29.97,,left-out,,POINT,51.418,observation_with_box.mp4,1541,NA,
observation,11:54.6,,407.04,Media file(s),player #1:observation_with_box.mp4,0,408.975,29.97,,left-out,,POINT,51.751,observation_with_box.mp4,1551,NA,
observation,11:54.6,,407.04,Media file(s),player #1:observation_with_box.mp4,0,408.975,29.97,,left-out,,POINT,51.918,observation_with_box.mp4,1556,NA,
observation,11:54.6,,407.04,Media file(s),player #1:observation_with_box.mp4,0,408.975,29.97,,left-out,,POINT,52.052,observation_with_box.mp4,1560,NA,
observation,11:54.6,,407.04,Media file(s),player #1:observation_with_box.mp4,0,408.975,29.97,,left-out,,POINT,52.185,observation_with_box.mp4,1564,NA,
observation,11:54.6,,407.04,Media file(s),player #1:observation_with_box.mp4,0,408.975,29.97,,left-out,,POINT,52.419,observation_with_box.mp4,1571,NA,
observation,11:54.6,,407.04,Media file(s),player #1:observation_with_box.mp4,0,408.975,29.97,,left-out,,POINT,52.485,observation_with_box.mp4,1573,NA,
observation,11:54.6,,407.04,Media file(s),player #1:observation_with_box.mp4,0,408.975,29.97,,left-in,,POINT,52.586,observation_with_box.mp4,1576,NA,
observation,11:54.6,,407.04,Media file(s),player #1:observation_with_box.mp4,0,408.975,29.97,,right-in,,POINT,52.619,observation_with_box.mp4,1577,NA,
observation,11:54.6,,407.04,Media file(s),player #1:observation_with_box.mp4,0,408.975,29.97,,right-out,,POINT,52.686,observation_with_box.mp4,1579,NA,
observation,11:54.6,,407.04,Media file(s),player #1:observation_with_box.mp4,0,408.975,29.97,,left-out,,POINT,52.919,observation_with_box.mp4,1586,NA,
observation,11:54.6,,407.04,Media file(s),player #1:observation_with_box.mp4,0,408.975,29.97,,right-in,,POINT,52.919,observation_with_box.mp4,1586,NA,
observation,11:54.6,,407.04,Media file(s),player #1:observation_with_box.mp4,0,408.975,29.97,,left-out,,POINT,53.153,observation_with_box.mp4,1593,NA,
observation,11:54.6,,407.04,Media file(s),player #1:observation_with_box.mp4,0,408.975,29.97,,right-in,,POINT,53.653,observation_with_box.mp4,1608,NA,
observation,11:54.6,,407.04,Media file(s),player #1:observation_with_box.mp4,0,408.975,29.97,,left-out,,POINT,53.887,observation_with_box.mp4,1615,NA,
observation,11:54.6,,407.04,Media file(s),player #1:observation_with_box.mp4,0,408.975,29.97,,left-out,,POINT,54.387,observation_with_box.mp4,1630,NA,
observation,11:54.6,,407.04,Media file(s),player #1:observation_with_box.mp4,0,408.975,29.97,,left-out,,POINT,54.487,observation_with_box.mp4,1633,NA,
observation,11:54.6,,407.04,Media file(s),player #1:observation_with_box.mp4,0,408.975,29.97,,left-out,,POINT,54.688,observation_with_box.mp4,1639,NA,
observation,11:54.6,,407.04,Media file(s),player #1:observation_with_box.mp4,0,408.975,29.97,,right-out,,POINT,54.788,observation_with_box.mp4,1642,NA,
observation,11:54.6,,407.04,Media file(s),player #1:observation_with_box.mp4,0,408.975,29.97,,left-in,,POINT,54.854,observation_with_box.mp4,1644,NA,
observation,11:54.6,,407.04,Media file(s),player #1:observation_with_box.mp4,0,408.975,29.97,,right-out,,POINT,54.988,observation_with_box.mp4,1648,NA,
observation,11:54.6,,407.04,Media file(s),player #1:observation_with_box.mp4,0,408.975,29.97,,left-out,,POINT,55.455,observation_with_box.mp4,1662,NA,
observation,11:54.6,,407.04,Media file(s),player #1:observation_with_box.mp4,0,408.975,29.97,,left-out,,POINT,55.789,observation_with_box.mp4,1672,NA,
observation,11:54.6,,407.04,Media file(s),player #1:observation_with_box.mp4,0,408.975,29.97,,right-out,,POINT,55.789,observation_with_box.mp4,1672,NA,
observation,11:54.6,,407.04,Media file(s),player #1:observation_with_box.mp4,0,408.975,29.97,,left-in,,POINT,55.855,observation_with_box.mp4,1674,NA,
observation,11:54.6,,407.04,Media file(s),player #1:observation_with_box.mp4,0,408.975,29.97,,left-out,,POINT,55.989,observation_with_box.mp4,1678,NA,
observation,11:54.6,,407.04,Media file(s),player #1:observation_with_box.mp4,0,408.975,29.97,,left-out,,POINT,56.456,observation_with_box.mp4,1692,NA,
observation,11:54.6,,407.04,Media file(s),player #1:observation_with_box.mp4,0,408.975,29.97,,right-in,,POINT,56.59,observation_with_box.mp4,1696,NA,
observation,11:54.6,,407.04,Media file(s),player #1:observation_with_box.mp4,0,408.975,29.97,,right-out,,POINT,56.69,observation_with_box.mp4,1699,NA,
observation,11:54.6,,407.04,Media file(s),player #1:observation_with_box.mp4,0,408.975,29.97,,right-in,,POINT,56.756,observation_with_box.mp4,1701,NA,
observation,11:54.6,,407.04,Media file(s),player #1:observation_with_box.mp4,0,408.975,29.97,,left-in,,POINT,57.057,observation_with_box.mp4,1710,NA,
observation,11:54.6,,407.04,Media file(s),player #1:observation_with_box.mp4,0,408.975,29.97,,right-out,,POINT,57.157,observation_with_box.mp4,1713,NA,
observation,11:54.6,,407.04,Media file(s),player #1:observation_with_box.mp4,0,408.975,29.97,,right-in,,POINT,57.257,observation_with_box.mp4,1716,NA,
observation,11:54.6,,407.04,Media file(s),player #1:observation_with_box.mp4,0,408.975,29.97,,left-out,,POINT,57.457,observation_with_box.mp4,1722,NA,
observation,11:54.6,,407.04,Media file(s),player #1:observation_with_box.mp4,0,408.975,29.97,,left-in,,POINT,57.524,observation_with_box.mp4,1724,NA,
observation,11:54.6,,407.04,Media file(s),player #1:observation_with_box.mp4,0,408.975,29.97,,right-out,,POINT,57.824,observation_with_box.mp4,1733,NA,
observation,11:54.6,,407.04,Media file(s),player #1:observation_with_box.mp4,0,408.975,29.97,,right-in,,POINT,57.857,observation_with_box.mp4,1734,NA,
observation,11:54.6,,407.04,Media file(s),player #1:observation_with_box.mp4,0,408.975,29.97,,left-out,,POINT,57.991,observation_with_box.mp4,1738,NA,
observation,11:54.6,,407.04,Media file(s),player #1:observation_with_box.mp4,0,408.975,29.97,,left-out,,POINT,58.391,observation_with_box.mp4,1750,NA,
observation,11:54.6,,407.04,Media file(s),player #1:observation_with_box.mp4,0,408.975,29.97,,left-out,,POINT,58.592,observation_with_box.mp4,1756,NA,
observation,11:54.6,,407.04,Media file(s),player #1:observation_with_box.mp4,0,408.975,29.97,,right-in,,POINT,58.959,observation_with_box.mp4,1767,NA,
observation,11:54.6,,407.04,Media file(s),player #1:observation_with_box.mp4,0,408.975,29.97,,left-out,,POINT,59.059,observation_with_box.mp4,1770,NA,
observation,11:54.6,,407.04,Media file(s),player #1:observation_with_box.mp4,0,408.975,29.97,,left-out,,POINT,59.659,observation_with_box.mp4,1788,NA,
observation,11:54.6,,407.04,Media file(s),player #1:observation_with_box.mp4,0,408.975,29.97,,right-in,,POINT,59.693,observation_with_box.mp4,1789,NA,
observation,11:54.6,,407.04,Media file(s),player #1:observation_with_box.mp4,0,408.975,29.97,,right-in,,POINT,59.793,observation_with_box.mp4,1792,NA,
observation,11:54.6,,407.04,Media file(s),player #1:observation_with_box.mp4,0,408.975,29.97,,right-out,,POINT,60.126,observation_with_box.mp4,1802,NA,
observation,11:54.6,,407.04,Media file(s),player #1:observation_with_box.mp4,0,408.975,29.97,,right-out,,POINT,60.393,observation_with_box.mp4,1810,NA,
observation,11:54.6,,407.04,Media file(s),player #1:observation_with_box.mp4,0,408.975,29.97,,right-out,,POINT,60.76,observation_with_box.mp4,1821,NA,
observation,11:54.6,,407.04,Media file(s),player #1:observation_with_box.mp4,0,408.975,29.97,,left-out,,POINT,60.927,observation_with_box.mp4,1826,NA,
observation,11:54.6,,407.04,Media file(s),player #1:observation_with_box.mp4,0,408.975,29.97,,right-in,,POINT,61.027,observation_with_box.mp4,1829,NA,
observation,11:54.6,,407.04,Media file(s),player #1:observation_with_box.mp4,0,408.975,29.97,,right-in,,POINT,61.094,observation_with_box.mp4,1831,NA,
observation,11:54.6,,407.04,Media file(s),player #1:observation_with_box.mp4,0,408.975,29.97,,left-out,,POINT,61.261,observation_with_box.mp4,1836,NA,
observation,11:54.6,,407.04,Media file(s),player #1:observation_with_box.mp4,0,408.975,29.97,,left-out,,POINT,61.761,observation_with_box.mp4,1851,NA,
observation,11:54.6,,407.04,Media file(s),player #1:observation_with_box.mp4,0,408.975,29.97,,right-in,,POINT,61.795,observation_with_box.mp4,1852,NA,
observation,11:54.6,,407.04,Media file(s),player #1:observation_with_box.mp4,0,408.975,29.97,,right-in,,POINT,62.062,observation_with_box.mp4,1860,NA,
observation,11:54.6,,407.04,Media file(s),player #1:observation_with_box.mp4,0,408.975,29.97,,left-in,,POINT,63.496,observation_with_box.mp4,1903,NA,
observation,11:54.6,,407.04,Media file(s),player #1:observation_with_box.mp4,0,408.975,29.97,,left-out,,POINT,63.597,observation_with_box.mp4,1906,NA,
observation,11:54.6,,407.04,Media file(s),player #1:observation_with_box.mp4,0,408.975,29.97,,left-in,,POINT,63.797,observation_with_box.mp4,1912,NA,
observation,11:54.6,,407.04,Media file(s),player #1:observation_with_box.mp4,0,408.975,29.97,,left-out,,POINT,64.097,observation_with_box.mp4,1921,NA,
observation,11:54.6,,407.04,Media file(s),player #1:observation_with_box.mp4,0,408.975,29.97,,left-out,,POINT,64.597,observation_with_box.mp4,1936,NA,
observation,11:54.6,,407.04,Media file(s),player #1:observation_with_box.mp4,0,408.975,29.97,,right-out,,POINT,64.731,observation_with_box.mp4,1940,NA,
observation,11:54.6,,407.04,Media file(s),player #1:observation_with_box.mp4,0,408.975,29.97,,left-out,,POINT,64.931,observation_with_box.mp4,1946,NA,
observation,11:54.6,,407.04,Media file(s),player #1:observation_with_box.mp4,0,408.975,29.97,,right-out,,POINT,65.265,observation_with_box.mp4,1956,NA,
observation,11:54.6,,407.04,Media file(s),player #1:observation_with_box.mp4,0,408.975,29.97,,right-in,,POINT,65.465,observation_with_box.mp4,1962,NA,
observation,11:54.6,,407.04,Media file(s),player #1:observation_with_box.mp4,0,408.975,29.97,,right-in,,POINT,65.632,observation_with_box.mp4,1967,NA,
observation,11:54.6,,407.04,Media file(s),player #1:observation_with_box.mp4,0,408.975,29.97,,right-in,,POINT,65.699,observation_with_box.mp4,1969,NA,
observation,11:54.6,,407.04,Media file(s),player #1:observation_with_box.mp4,0,408.975,29.97,,right-in,,POINT,65.865,observation_with_box.mp4,1974,NA,
observation,11:54.6,,407.04,Media file(s),player #1:observation_with_box.mp4,0,408.975,29.97,,left-out,,POINT,66.266,observation_with_box.mp4,1986,NA,
observation,11:54.6,,407.04,Media file(s),player #1:observation_with_box.mp4,0,408.975,29.97,,right-in,,POINT,66.333,observation_with_box.mp4,1988,NA,
observation,11:54.6,,407.04,Media file(s),player #1:observation_with_box.mp4,0,408.975,29.97,,right-out,,POINT,66.6,observation_with_box.mp4,1996,NA,
observation,11:54.6,,407.04,Media file(s),player #1:observation_with_box.mp4,0,408.975,29.97,,right-in,,POINT,67,observation_with_box.mp4,2008,NA,
observation,11:54.6,,407.04,Media file(s),player #1:observation_with_box.mp4,0,408.975,29.97,,left-out,,POINT,67.334,observation_with_box.mp4,2018,NA,
observation,11:54.6,,407.04,Media file(s),player #1:observation_with_box.mp4,0,408.975,29.97,,left-out,,POINT,67.467,observation_with_box.mp4,2022,NA,
observation,11:54.6,,407.04,Media file(s),player #1:observation_with_box.mp4,0,408.975,29.97,,left-out,,POINT,67.534,observation_with_box.mp4,2024,NA,
observation,11:54.6,,407.04,Media file(s),player #1:observation_with_box.mp4,0,408.975,29.97,,left-out,,POINT,67.767,observation_with_box.mp4,2031,NA,
observation,11:54.6,,407.04,Media file(s),player #1:observation_with_box.mp4,0,408.975,29.97,,right-in,,POINT,67.767,observation_with_box.mp4,2031,NA,
observation,11:54.6,,407.04,Media file(s),player #1:observation_with_box.mp4,0,408.975,29.97,,left-out,,POINT,67.968,observation_with_box.mp4,2037,NA,
observation,11:54.6,,407.04,Media file(s),player #1:observation_with_box.mp4,0,408.975,29.97,,left-out,,POINT,68.101,observation_with_box.mp4,2041,NA,
observation,11:54.6,,407.04,Media file(s),player #1:observation_with_box.mp4,0,408.975,29.97,,right-in,,POINT,68.501,observation_with_box.mp4,2053,NA,
observation,11:54.6,,407.04,Media file(s),player #1:observation_with_box.mp4,0,408.975,29.97,,left-out,,POINT,68.602,observation_with_box.mp4,2056,NA,
observation,11:54.6,,407.04,Media file(s),player #1:observation_with_box.mp4,0,408.975,29.97,,left-out,,POINT,69.402,observation_with_box.mp4,2080,NA,
observation,11:54.6,,407.04,Media file(s),player #1:observation_with_box.mp4,0,408.975,29.97,,right-in,,POINT,69.636,observation_with_box.mp4,2087,NA,
observation,11:54.6,,407.04,Media file(s),player #1:observation_with_box.mp4,0,408.975,29.97,,left-out,,POINT,69.903,observation_with_box.mp4,2095,NA,
observation,11:54.6,,407.04,Media file(s),player #1:observation_with_box.mp4,0,408.975,29.97,,left-in,,POINT,70.236,observation_with_box.mp4,2105,NA,
observation,11:54.6,,407.04,Media file(s),player #1:observation_with_box.mp4,0,408.975,29.97,,right-in,,POINT,70.437,observation_with_box.mp4,2111,NA,
observation,11:54.6,,407.04,Media file(s),player #1:observation_with_box.mp4,0,408.975,29.97,,right-in,,POINT,70.737,observation_with_box.mp4,2120,NA,
observation,11:54.6,,407.04,Media file(s),player #1:observation_with_box.mp4,0,408.975,29.97,,left-in,,POINT,70.937,observation_with_box.mp4,2126,NA,
observation,11:54.6,,407.04,Media file(s),player #1:observation_with_box.mp4,0,408.975,29.97,,left-in,,POINT,71.171,observation_with_box.mp4,2133,NA,
observation,11:54.6,,407.04,Media file(s),player #1:observation_with_box.mp4,0,408.975,29.97,,left-out,,POINT,71.438,observation_with_box.mp4,2141,NA,
observation,11:54.6,,407.04,Media file(s),player #1:observation_with_box.mp4,0,408.975,29.97,,left-out,,POINT,72.038,observation_with_box.mp4,2159,NA,
observation,11:54.6,,407.04,Media file(s),player #1:observation_with_box.mp4,0,408.975,29.97,,right-in,,POINT,72.238,observation_with_box.mp4,2165,NA,
observation,11:54.6,,407.04,Media file(s),player #1:observation_with_box.mp4,0,408.975,29.97,,left-out,,POINT,72.305,observation_with_box.mp4,2167,NA,
observation,11:54.6,,407.04,Media file(s),player #1:observation_with_box.mp4,0,408.975,29.97,,right-in,,POINT,72.405,observation_with_box.mp4,2170,NA,
observation,11:54.6,,407.04,Media file(s),player #1:observation_with_box.mp4,0,408.975,29.97,,left-out,,POINT,72.806,observation_with_box.mp4,2182,NA,
observation,11:54.6,,407.04,Media file(s),player #1:observation_with_box.mp4,0,408.975,29.97,,right-in,,POINT,72.806,observation_with_box.mp4,2182,NA,
observation,11:54.6,,407.04,Media file(s),player #1:observation_with_box.mp4,0,408.975,29.97,,right-out,,POINT,73.073,observation_with_box.mp4,2190,NA,
observation,11:54.6,,407.04,Media file(s),player #1:observation_with_box.mp4,0,408.975,29.97,,left-out,,POINT,73.606,observation_with_box.mp4,2206,NA,
observation,11:54.6,,407.04,Media file(s),player #1:observation_with_box.mp4,0,408.975,29.97,,right-in,,POINT,73.707,observation_with_box.mp4,2209,NA,
observation,11:54.6,,407.04,Media file(s),player #1:observation_with_box.mp4,0,408.975,29.97,,right-out,,POINT,73.974,observation_with_box.mp4,2217,NA,
observation,11:54.6,,407.04,Media file(s),player #1:observation_with_box.mp4,0,408.975,29.97,,left-out,,POINT,74.541,observation_with_box.mp4,2234,NA,
observation,11:54.6,,407.04,Media file(s),player #1:observation_with_box.mp4,0,408.975,29.97,,left-out,,POINT,74.741,observation_with_box.mp4,2240,NA,
observation,11:54.6,,407.04,Media file(s),player #1:observation_with_box.mp4,0,408.975,29.97,,right-in,,POINT,75.141,observation_with_box.mp4,2252,NA,
observation,11:54.6,,407.04,Media file(s),player #1:observation_with_box.mp4,0,408.975,29.97,,left-out,,POINT,75.308,observation_with_box.mp4,2257,NA,
observation,11:54.6,,407.04,Media file(s),player #1:observation_with_box.mp4,0,408.975,29.97,,right-in,,POINT,75.408,observation_with_box.mp4,2260,NA,
observation,11:54.6,,407.04,Media file(s),player #1:observation_with_box.mp4,0,408.975,29.97,,right-in,,POINT,75.675,observation_with_box.mp4,2268,NA,
observation,11:54.6,,407.04,Media file(s),player #1:observation_with_box.mp4,0,408.975,29.97,,left-in,,POINT,75.775,observation_with_box.mp4,2271,NA,
observation,11:54.6,,407.04,Media file(s),player #1:observation_with_box.mp4,0,408.975,29.97,,right-in,,POINT,75.775,observation_with_box.mp4,2271,NA,
observation,11:54.6,,407.04,Media file(s),player #1:observation_with_box.mp4,0,408.975,29.97,,right-in,,POINT,75.875,observation_with_box.mp4,2274,NA,
observation,11:54.6,,407.04,Media file(s),player #1:observation_with_box.mp4,0,408.975,29.97,,left-in,,POINT,76.009,observation_with_box.mp4,2278,NA,
observation,11:54.6,,407.04,Media file(s),player #1:observation_with_box.mp4,0,408.975,29.97,,right-in,,POINT,76.343,observation_with_box.mp4,2288,NA,
observation,11:54.6,,407.04,Media file(s),player #1:observation_with_box.mp4,0,408.975,29.97,,left-in,,POINT,76.776,observation_with_box.mp4,2301,NA,
observation,11:54.6,,407.04,Media file(s),player #1:observation_with_box.mp4,0,408.975,29.97,,right-in,,POINT,76.776,observation_with_box.mp4,2301,NA,
observation,11:54.6,,407.04,Media file(s),player #1:observation_with_box.mp4,0,408.975,29.97,,right-in,,POINT,77.01,observation_with_box.mp4,2308,NA,
observation,11:54.6,,407.04,Media file(s),player #1:observation_with_box.mp4,0,408.975,29.97,,left-out,,POINT,77.277,observation_with_box.mp4,2316,NA,
observation,11:54.6,,407.04,Media file(s),player #1:observation_with_box.mp4,0,408.975,29.97,,right-out,,POINT,77.344,observation_with_box.mp4,2318,NA,
observation,11:54.6,,407.04,Media file(s),player #1:observation_with_box.mp4,0,408.975,29.97,,right-in,,POINT,77.577,observation_with_box.mp4,2325,NA,
observation,11:54.6,,407.04,Media file(s),player #1:observation_with_box.mp4,0,408.975,29.97,,left-out,,POINT,77.844,observation_with_box.mp4,2333,NA,
observation,11:54.6,,407.04,Media file(s),player #1:observation_with_box.mp4,0,408.975,29.97,,left-out,,POINT,78.011,observation_with_box.mp4,2338,NA,
observation,11:54.6,,407.04,Media file(s),player #1:observation_with_box.mp4,0,408.975,29.97,,left-out,,POINT,78.244,observation_with_box.mp4,2345,NA,
observation,11:54.6,,407.04,Media file(s),player #1:observation_with_box.mp4,0,408.975,29.97,,right-in,,POINT,78.311,observation_with_box.mp4,2347,NA,
observation,11:54.6,,407.04,Media file(s),player #1:observation_with_box.mp4,0,408.975,29.97,,left-out,,POINT,78.411,observation_with_box.mp4,2350,NA,
observation,11:54.6,,407.04,Media file(s),player #1:observation_with_box.mp4,0,408.975,29.97,,right-in,,POINT,78.545,observation_with_box.mp4,2354,NA,
observation,11:54.6,,407.04,Media file(s),player #1:observation_with_box.mp4,0,408.975,29.97,,right-out,,POINT,78.912,observation_with_box.mp4,2365,NA,
observation,11:54.6,,407.04,Media file(s),player #1:observation_with_box.mp4,0,408.975,29.97,,left-out,,POINT,79.012,observation_with_box.mp4,2368,NA,
observation,11:54.6,,407.04,Media file(s),player #1:observation_with_box.mp4,0,408.975,29.97,,left-out,,POINT,79.312,observation_with_box.mp4,2377,NA,
observation,11:54.6,,407.04,Media file(s),player #1:observation_with_box.mp4,0,408.975,29.97,,right-in,,POINT,79.379,observation_with_box.mp4,2379,NA,
observation,11:54.6,,407.04,Media file(s),player #1:observation_with_box.mp4,0,408.975,29.97,,left-out,,POINT,79.579,observation_with_box.mp4,2385,NA,
observation,11:54.6,,407.04,Media file(s),player #1:observation_with_box.mp4,0,408.975,29.97,,left-out,,POINT,80.146,observation_with_box.mp4,2402,NA,
observation,11:54.6,,407.04,Media file(s),player #1:observation_with_box.mp4,0,408.975,29.97,,left-out,,POINT,81.114,observation_with_box.mp4,2431,NA,
observation,11:54.6,,407.04,Media file(s),player #1:observation_with_box.mp4,0,408.975,29.97,,left-out,,POINT,81.681,observation_with_box.mp4,2448,NA,
observation,11:54.6,,407.04,Media file(s),player #1:observation_with_box.mp4,0,408.975,29.97,,right-in,,POINT,81.715,observation_with_box.mp4,2449,NA,
observation,11:54.6,,407.04,Media file(s),player #1:observation_with_box.mp4,0,408.975,29.97,,left-out,,POINT,82.015,observation_with_box.mp4,2458,NA,
observation,11:54.6,,407.04,Media file(s),player #1:observation_with_box.mp4,0,408.975,29.97,,right-in,,POINT,82.248,observation_with_box.mp4,2465,NA,
observation,11:54.6,,407.04,Media file(s),player #1:observation_with_box.mp4,0,408.975,29.97,,left-out,,POINT,82.949,observation_with_box.mp4,2486,NA,
observation,11:54.6,,407.04,Media file(s),player #1:observation_with_box.mp4,0,408.975,29.97,,right-in,,POINT,82.949,observation_with_box.mp4,2486,NA,
observation,11:54.6,,407.04,Media file(s),player #1:observation_with_box.mp4,0,408.975,29.97,,left-out,,POINT,83.183,observation_with_box.mp4,2493,NA,
observation,11:54.6,,407.04,Media file(s),player #1:observation_with_box.mp4,0,408.975,29.97,,left-in,,POINT,83.85,observation_with_box.mp4,2513,NA,
observation,11:54.6,,407.04,Media file(s),player #1:observation_with_box.mp4,0,408.975,29.97,,right-in,,POINT,83.883,observation_with_box.mp4,2514,NA,
observation,11:54.6,,407.04,Media file(s),player #1:observation_with_box.mp4,0,408.975,29.97,,right-in,,POINT,84.084,observation_with_box.mp4,2520,NA,
observation,11:54.6,,407.04,Media file(s),player #1:observation_with_box.mp4,0,408.975,29.97,,right-out,,POINT,84.184,observation_with_box.mp4,2523,NA,
observation,11:54.6,,407.04,Media file(s),player #1:observation_with_box.mp4,0,408.975,29.97,,left-out,,POINT,84.551,observation_with_box.mp4,2534,NA,
observation,11:54.6,,407.04,Media file(s),player #1:observation_with_box.mp4,0,408.975,29.97,,left-out,,POINT,84.651,observation_with_box.mp4,2537,NA,
observation,11:54.6,,407.04,Media file(s),player #1:observation_with_box.mp4,0,408.975,29.97,,right-in,,POINT,84.718,observation_with_box.mp4,2539,NA,
observation,11:54.6,,407.04,Media file(s),player #1:observation_with_box.mp4,0,408.975,29.97,,right-in,,POINT,85.418,observation_with_box.mp4,2560,NA,
observation,11:54.6,,407.04,Media file(s),player #1:observation_with_box.mp4,0,408.975,29.97,,left-out,,POINT,85.552,observation_with_box.mp4,2564,NA,
observation,11:54.6,,407.04,Media file(s),player #1:observation_with_box.mp4,0,408.975,29.97,,right-in,,POINT,85.585,observation_with_box.mp4,2565,NA,
observation,11:54.6,,407.04,Media file(s),player #1:observation_with_box.mp4,0,408.975,29.97,,left-out,,POINT,85.785,observation_with_box.mp4,2571,NA,
observation,11:54.6,,407.04,Media file(s),player #1:observation_with_box.mp4,0,408.975,29.97,,right-in,,POINT,85.819,observation_with_box.mp4,2572,NA,
observation,11:54.6,,407.04,Media file(s),player #1:observation_with_box.mp4,0,408.975,29.97,,left-out,,POINT,86.052,observation_with_box.mp4,2579,NA,
observation,11:54.6,,407.04,Media file(s),player #1:observation_with_box.mp4,0,408.975,29.97,,right-in,,POINT,86.419,observation_with_box.mp4,2590,NA,
observation,11:54.6,,407.04,Media file(s),player #1:observation_with_box.mp4,0,408.975,29.97,,left-in,,POINT,86.486,observation_with_box.mp4,2592,NA,
observation,11:54.6,,407.04,Media file(s),player #1:observation_with_box.mp4,0,408.975,29.97,,left-out,,POINT,86.486,observation_with_box.mp4,2592,NA,
observation,11:54.6,,407.04,Media file(s),player #1:observation_with_box.mp4,0,408.975,29.97,,right-in,,POINT,86.82,observation_with_box.mp4,2602,NA,
observation,11:54.6,,407.04,Media file(s),player #1:observation_with_box.mp4,0,408.975,29.97,,left-out,,POINT,87.253,observation_with_box.mp4,2615,NA,
observation,11:54.6,,407.04,Media file(s),player #1:observation_with_box.mp4,0,408.975,29.97,,right-in,,POINT,87.687,observation_with_box.mp4,2628,NA,
observation,11:54.6,,407.04,Media file(s),player #1:observation_with_box.mp4,0,408.975,29.97,,left-out,,POINT,87.887,observation_with_box.mp4,2634,NA,
observation,11:54.6,,407.04,Media file(s),player #1:observation_with_box.mp4,0,408.975,29.97,,left-out,,POINT,88.221,observation_with_box.mp4,2644,NA,
observation,11:54.6,,407.04,Media file(s),player #1:observation_with_box.mp4,0,408.975,29.97,,right-in,,POINT,88.488,observation_with_box.mp4,2652,NA,
observation,11:54.6,,407.04,Media file(s),player #1:observation_with_box.mp4,0,408.975,29.97,,left-out,,POINT,88.621,observation_with_box.mp4,2656,NA,
observation,11:54.6,,407.04,Media file(s),player #1:observation_with_box.mp4,0,408.975,29.97,,right-in,,POINT,88.955,observation_with_box.mp4,2666,NA,
observation,11:54.6,,407.04,Media file(s),player #1:observation_with_box.mp4,0,408.975,29.97,,left-out,,POINT,89.122,observation_with_box.mp4,2671,NA,
observation,11:54.6,,407.04,Media file(s),player #1:observation_with_box.mp4,0,408.975,29.97,,left-out,,POINT,90.123,observation_with_box.mp4,2701,NA,
observation,11:54.6,,407.04,Media file(s),player #1:observation_with_box.mp4,0,408.975,29.97,,left-out,,POINT,90.991,observation_with_box.mp4,2727,NA,
observation,11:54.6,,407.04,Media file(s),player #1:observation_with_box.mp4,0,408.975,29.97,,right-out,,POINT,91.558,observation_with_box.mp4,2744,NA,
observation,11:54.6,,407.04,Media file(s),player #1:observation_with_box.mp4,0,408.975,29.97,,left-out,,POINT,91.992,observation_with_box.mp4,2757,NA,
observation,11:54.6,,407.04,Media file(s),player #1:observation_with_box.mp4,0,408.975,29.97,,right-in,,POINT,92.626,observation_with_box.mp4,2776,NA,
observation,11:54.6,,407.04,Media file(s),player #1:observation_with_box.mp4,0,408.975,29.97,,left-out,,POINT,92.993,observation_with_box.mp4,2787,NA,
observation,11:54.6,,407.04,Media file(s),player #1:observation_with_box.mp4,0,408.975,29.97,,left-out,,POINT,93.86,observation_with_box.mp4,2813,NA,
observation,11:54.6,,407.04,Media file(s),player #1:observation_with_box.mp4,0,408.975,29.97,,left-in,,POINT,95.729,observation_with_box.mp4,2869,NA,
observation,11:54.6,,407.04,Media file(s),player #1:observation_with_box.mp4,0,408.975,29.97,,right-in,,POINT,96.062,observation_with_box.mp4,2879,NA,
observation,11:54.6,,407.04,Media file(s),player #1:observation_with_box.mp4,0,408.975,29.97,,right-in,,POINT,96.196,observation_with_box.mp4,2883,NA,
observation,11:54.6,,407.04,Media file(s),player #1:observation_with_box.mp4,0,408.975,29.97,,right-in,,POINT,96.329,observation_with_box.mp4,2887,NA,
observation,11:54.6,,407.04,Media file(s),player #1:observation_with_box.mp4,0,408.975,29.97,,right-in,,POINT,96.463,observation_with_box.mp4,2891,NA,
observation,11:54.6,,407.04,Media file(s),player #1:observation_with_box.mp4,0,408.975,29.97,,right-in,,POINT,96.596,observation_with_box.mp4,2895,NA,
observation,11:54.6,,407.04,Media file(s),player #1:observation_with_box.mp4,0,408.975,29.97,,right-in,,POINT,96.896,observation_with_box.mp4,2904,NA,
observation,11:54.6,,407.04,Media file(s),player #1:observation_with_box.mp4,0,408.975,29.97,,right-in,,POINT,97.097,observation_with_box.mp4,2910,NA,
observation,11:54.6,,407.04,Media file(s),player #1:observation_with_box.mp4,0,408.975,29.97,,right-out,,POINT,97.797,observation_with_box.mp4,2931,NA,
observation,11:54.6,,407.04,Media file(s),player #1:observation_with_box.mp4,0,408.975,29.97,,right-in,,POINT,97.964,observation_with_box.mp4,2936,NA,
observation,11:54.6,,407.04,Media file(s),player #1:observation_with_box.mp4,0,408.975,29.97,,left-out,,POINT,98.198,observation_with_box.mp4,2943,NA,
observation,11:54.6,,407.04,Media file(s),player #1:observation_with_box.mp4,0,408.975,29.97,,left-out,,POINT,99.132,observation_with_box.mp4,2971,NA,
observation,11:54.6,,407.04,Media file(s),player #1:observation_with_box.mp4,0,408.975,29.97,,left-out,,POINT,99.499,observation_with_box.mp4,2982,NA,
observation,11:54.6,,407.04,Media file(s),player #1:observation_with_box.mp4,0,408.975,29.97,,right-in,,POINT,99.833,observation_with_box.mp4,2992,NA,
observation,11:54.6,,407.04,Media file(s),player #1:observation_with_box.mp4,0,408.975,29.97,,right-in,,POINT,99.966,observation_with_box.mp4,2996,NA,
observation,11:54.6,,407.04,Media file(s),player #1:observation_with_box.mp4,0,408.975,29.97,,left-out,,POINT,100.166,observation_with_box.mp4,3002,NA,
observation,11:54.6,,407.04,Media file(s),player #1:observation_with_box.mp4,0,408.975,29.97,,right-in,,POINT,100.333,observation_with_box.mp4,3007,NA,
observation,11:54.6,,407.04,Media file(s),player #1:observation_with_box.mp4,0,408.975,29.97,,left-out,,POINT,100.767,observation_with_box.mp4,3020,NA,
observation,11:54.6,,407.04,Media file(s),player #1:observation_with_box.mp4,0,408.975,29.97,,left-out,,POINT,100.934,observation_with_box.mp4,3025,NA,
observation,11:54.6,,407.04,Media file(s),player #1:observation_with_box.mp4,0,408.975,29.97,,right-in,,POINT,101.167,observation_with_box.mp4,3032,NA,
observation,11:54.6,,407.04,Media file(s),player #1:observation_with_box.mp4,0,408.975,29.97,,left-in,,POINT,103.103,observation_with_box.mp4,3090,NA,
observation,11:54.6,,407.04,Media file(s),player #1:observation_with_box.mp4,0,408.975,29.97,,left-out,,POINT,103.336,observation_with_box.mp4,3097,NA,
observation,11:54.6,,407.04,Media file(s),player #1:observation_with_box.mp4,0,408.975,29.97,,right-out,,POINT,104.604,observation_with_box.mp4,3135,NA,
observation,11:54.6,,407.04,Media file(s),player #1:observation_with_box.mp4,0,408.975,29.97,,left-out,,POINT,105.605,observation_with_box.mp4,3165,NA,
observation,11:54.6,,407.04,Media file(s),player #1:observation_with_box.mp4,0,408.975,29.97,,left-in,,POINT,105.972,observation_with_box.mp4,3176,NA,
observation,11:54.6,,407.04,Media file(s),player #1:observation_with_box.mp4,0,408.975,29.97,,left-out,,POINT,107.007,observation_with_box.mp4,3207,NA,
observation,11:54.6,,407.04,Media file(s),player #1:observation_with_box.mp4,0,408.975,29.97,,right-out,,POINT,109.376,observation_with_box.mp4,3278,NA,
observation,11:54.6,,407.04,Media file(s),player #1:observation_with_box.mp4,0,408.975,29.97,,left-in,,POINT,109.876,observation_with_box.mp4,3293,NA,
observation,11:54.6,,407.04,Media file(s),player #1:observation_with_box.mp4,0,408.975,29.97,,right-out,,POINT,110.677,observation_with_box.mp4,3317,NA,
observation,11:54.6,,407.04,Media file(s),player #1:observation_with_box.mp4,0,408.975,29.97,,left-out,,POINT,110.71,observation_with_box.mp4,3318,NA,
observation,11:54.6,,407.04,Media file(s),player #1:observation_with_box.mp4,0,408.975,29.97,,right-out,,POINT,110.844,observation_with_box.mp4,3322,NA,
observation,11:54.6,,407.04,Media file(s),player #1:observation_with_box.mp4,0,408.975,29.97,,Bridge,,STOP,111.211,observation_with_box.mp4,3333,NA,
observation,11:54.6,,407.04,Media file(s),player #1:observation_with_box.mp4,0,408.975,29.97,,right-out,,POINT,111.211,observation_with_box.mp4,3333,NA,
observation,11:54.6,,407.04,Media file(s),player #1:observation_with_box.mp4,0,408.975,29.97,,right-out,,POINT,111.277,observation_with_box.mp4,3335,NA,
observation,11:54.6,,407.04,Media file(s),player #1:observation_with_box.mp4,0,408.975,29.97,,right-out,,POINT,111.745,observation_with_box.mp4,3349,NA,
observation,11:54.6,,407.04,Media file(s),player #1:observation_with_box.mp4,0,408.975,29.97,,right-out,,POINT,111.845,observation_with_box.mp4,3352,NA,
observation,11:54.6,,407.04,Media file(s),player #1:observation_with_box.mp4,0,408.975,29.97,,right-out,,POINT,112.278,observation_with_box.mp4,3365,NA,
observation,11:54.6,,407.04,Media file(s),player #1:observation_with_box.mp4,0,408.975,29.97,,left-out,,POINT,112.579,observation_with_box.mp4,3374,NA,
observation,11:54.6,,407.04,Media file(s),player #1:observation_with_box.mp4,0,408.975,29.97,,left-in,,POINT,112.879,observation_with_box.mp4,3383,NA,
observation,11:54.6,,407.04,Media file(s),player #1:observation_with_box.mp4,0,408.975,29.97,,left-in,,POINT,113.747,observation_with_box.mp4,3409,NA,
observation,11:54.6,,407.04,Media file(s),player #1:observation_with_box.mp4,0,408.975,29.97,,right-in,,POINT,113.847,observation_with_box.mp4,3412,NA,
observation,11:54.6,,407.04,Media file(s),player #1:observation_with_box.mp4,0,408.975,29.97,,right-in,,POINT,114.648,observation_with_box.mp4,3436,NA,
observation,11:54.6,,407.04,Media file(s),player #1:observation_with_box.mp4,0,408.975,29.97,,left-out,,POINT,115.081,observation_with_box.mp4,3449,NA,
observation,11:54.6,,407.04,Media file(s),player #1:observation_with_box.mp4,0,408.975,29.97,,right-in,,POINT,115.081,observation_with_box.mp4,3449,NA,
observation,11:54.6,,407.04,Media file(s),player #1:observation_with_box.mp4,0,408.975,29.97,,right-in,,POINT,115.615,observation_with_box.mp4,3465,NA,
observation,11:54.6,,407.04,Media file(s),player #1:observation_with_box.mp4,0,408.975,29.97,,right-in,,POINT,115.648,observation_with_box.mp4,3466,NA,
observation,11:54.6,,407.04,Media file(s),player #1:observation_with_box.mp4,0,408.975,29.97,,right-in,,POINT,116.149,observation_with_box.mp4,3481,NA,
observation,11:54.6,,407.04,Media file(s),player #1:observation_with_box.mp4,0,408.975,29.97,,left-in,,POINT,116.65,observation_with_box.mp4,3496,NA,
observation,11:54.6,,407.04,Media file(s),player #1:observation_with_box.mp4,0,408.975,29.97,,right-in,,POINT,116.85,observation_with_box.mp4,3502,NA,
observation,11:54.6,,407.04,Media file(s),player #1:observation_with_box.mp4,0,408.975,29.97,,right-out,,POINT,116.916,observation_with_box.mp4,3504,NA,
observation,11:54.6,,407.04,Media file(s),player #1:observation_with_box.mp4,0,408.975,29.97,,left-in,,POINT,117.317,observation_with_box.mp4,3516,NA,
observation,11:54.6,,407.04,Media file(s),player #1:observation_with_box.mp4,0,408.975,29.97,,right-in,,POINT,117.55,observation_with_box.mp4,3523,NA,
observation,11:54.6,,407.04,Media file(s),player #1:observation_with_box.mp4,0,408.975,29.97,,left-in,,POINT,117.617,observation_with_box.mp4,3525,NA,
observation,11:54.6,,407.04,Media file(s),player #1:observation_with_box.mp4,0,408.975,29.97,,left-in,,POINT,117.784,observation_with_box.mp4,3530,NA,
observation,11:54.6,,407.04,Media file(s),player #1:observation_with_box.mp4,0,408.975,29.97,,left-in,,POINT,118.218,observation_with_box.mp4,3543,NA,
observation,11:54.6,,407.04,Media file(s),player #1:observation_with_box.mp4,0,408.975,29.97,,left-out,,POINT,118.485,observation_with_box.mp4,3551,NA,
observation,11:54.6,,407.04,Media file(s),player #1:observation_with_box.mp4,0,408.975,29.97,,right-in,,POINT,118.551,observation_with_box.mp4,3553,NA,
observation,11:54.6,,407.04,Media file(s),player #1:observation_with_box.mp4,0,408.975,29.97,,left-out,,POINT,118.651,observation_with_box.mp4,3556,NA,
observation,11:54.6,,407.04,Media file(s),player #1:observation_with_box.mp4,0,408.975,29.97,,left-in,,POINT,118.718,observation_with_box.mp4,3558,NA,
observation,11:54.6,,407.04,Media file(s),player #1:observation_with_box.mp4,0,408.975,29.97,,right-out,,POINT,118.785,observation_with_box.mp4,3560,NA,
observation,11:54.6,,407.04,Media file(s),player #1:observation_with_box.mp4,0,408.975,29.97,,right-out,,POINT,119.019,observation_with_box.mp4,3567,NA,
observation,11:54.6,,407.04,Media file(s),player #1:observation_with_box.mp4,0,408.975,29.97,,left-in,,POINT,119.119,observation_with_box.mp4,3570,NA,
observation,11:54.6,,407.04,Media file(s),player #1:observation_with_box.mp4,0,408.975,29.97,,right-out,,POINT,119.119,observation_with_box.mp4,3570,NA,
observation,11:54.6,,407.04,Media file(s),player #1:observation_with_box.mp4,0,408.975,29.97,,right-out,,POINT,119.319,observation_with_box.mp4,3576,NA,
observation,11:54.6,,407.04,Media file(s),player #1:observation_with_box.mp4,0,408.975,29.97,,left-in,,POINT,119.386,observation_with_box.mp4,3578,NA,
observation,11:54.6,,407.04,Media file(s),player #1:observation_with_box.mp4,0,408.975,29.97,,right-out,,POINT,119.519,observation_with_box.mp4,3582,NA,
observation,11:54.6,,407.04,Media file(s),player #1:observation_with_box.mp4,0,408.975,29.97,,right-out,,POINT,119.586,observation_with_box.mp4,3584,NA,
observation,11:54.6,,407.04,Media file(s),player #1:observation_with_box.mp4,0,408.975,29.97,,left-in,,POINT,119.619,observation_with_box.mp4,3585,NA,
observation,11:54.6,,407.04,Media file(s),player #1:observation_with_box.mp4,0,408.975,29.97,,right-in,,POINT,119.719,observation_with_box.mp4,3588,NA,
observation,11:54.6,,407.04,Media file(s),player #1:observation_with_box.mp4,0,408.975,29.97,,right-in,,POINT,120.153,observation_with_box.mp4,3601,NA,
observation,11:54.6,,407.04,Media file(s),player #1:observation_with_box.mp4,0,408.975,29.97,,left-out,,POINT,120.353,observation_with_box.mp4,3607,NA,
observation,11:54.6,,407.04,Media file(s),player #1:observation_with_box.mp4,0,408.975,29.97,,right-out,,POINT,120.387,observation_with_box.mp4,3608,NA,
observation,11:54.6,,407.04,Media file(s),player #1:observation_with_box.mp4,0,408.975,29.97,,left-in,,POINT,120.42,observation_with_box.mp4,3609,NA,
observation,11:54.6,,407.04,Media file(s),player #1:observation_with_box.mp4,0,408.975,29.97,,left-in,,POINT,120.82,observation_with_box.mp4,3621,NA,
observation,11:54.6,,407.04,Media file(s),player #1:observation_with_box.mp4,0,408.975,29.97,,left-in,,POINT,121.321,observation_with_box.mp4,3636,NA,
observation,11:54.6,,407.04,Media file(s),player #1:observation_with_box.mp4,0,408.975,29.97,,left-out,,POINT,121.654,observation_with_box.mp4,3646,NA,
observation,11:54.6,,407.04,Media file(s),player #1:observation_with_box.mp4,0,408.975,29.97,,right-in,,POINT,121.688,observation_with_box.mp4,3647,NA,
observation,11:54.6,,407.04,Media file(s),player #1:observation_with_box.mp4,0,408.975,29.97,,right-in,,POINT,121.821,observation_with_box.mp4,3651,NA,
observation,11:54.6,,407.04,Media file(s),player #1:observation_with_box.mp4,0,408.975,29.97,,right-in,,POINT,121.855,observation_with_box.mp4,3652,NA,
observation,11:54.6,,407.04,Media file(s),player #1:observation_with_box.mp4,0,408.975,29.97,,left-in,,POINT,121.921,observation_with_box.mp4,3654,NA,
observation,11:54.6,,407.04,Media file(s),player #1:observation_with_box.mp4,0,408.975,29.97,,left-out,,POINT,121.921,observation_with_box.mp4,3654,NA,
observation,11:54.6,,407.04,Media file(s),player #1:observation_with_box.mp4,0,408.975,29.97,,left-out,,POINT,122.222,observation_with_box.mp4,3663,NA,
observation,11:54.6,,407.04,Media file(s),player #1:observation_with_box.mp4,0,408.975,29.97,,right-in,,POINT,122.589,observation_with_box.mp4,3674,NA,
observation,11:54.6,,407.04,Media file(s),player #1:observation_with_box.mp4,0,408.975,29.97,,left-out,,POINT,122.722,observation_with_box.mp4,3678,NA,
observation,11:54.6,,407.04,Media file(s),player #1:observation_with_box.mp4,0,408.975,29.97,,right-out,,POINT,122.722,observation_with_box.mp4,3678,NA,
observation,11:54.6,,407.04,Media file(s),player #1:observation_with_box.mp4,0,408.975,29.97,,left-out,,POINT,122.889,observation_with_box.mp4,3683,NA,
observation,11:54.6,,407.04,Media file(s),player #1:observation_with_box.mp4,0,408.975,29.97,,left-out,,POINT,123.189,observation_with_box.mp4,3692,NA,
observation,11:54.6,,407.04,Media file(s),player #1:observation_with_box.mp4,0,408.975,29.97,,left-out,,POINT,123.59,observation_with_box.mp4,3704,NA,
observation,11:54.6,,407.04,Media file(s),player #1:observation_with_box.mp4,0,408.975,29.97,,left-in,,POINT,124.09,observation_with_box.mp4,3719,NA,
observation,11:54.6,,407.04,Media file(s),player #1:observation_with_box.mp4,0,408.975,29.97,,right-out,,POINT,124.224,observation_with_box.mp4,3723,NA,
observation,11:54.6,,407.04,Media file(s),player #1:observation_with_box.mp4,0,408.975,29.97,,left-in,,POINT,124.29,observation_with_box.mp4,3725,NA,
observation,11:54.6,,407.04,Media file(s),player #1:observation_with_box.mp4,0,408.975,29.97,,right-out,,POINT,124.591,observation_with_box.mp4,3734,NA,
observation,11:54.6,,407.04,Media file(s),player #1:observation_with_box.mp4,0,408.975,29.97,,left-out,,POINT,125.058,observation_with_box.mp4,3748,NA,
observation,11:54.6,,407.04,Media file(s),player #1:observation_with_box.mp4,0,408.975,29.97,,right-out,,POINT,125.258,observation_with_box.mp4,3754,NA,
observation,11:54.6,,407.04,Media file(s),player #1:observation_with_box.mp4,0,408.975,29.97,,left-out,,POINT,125.759,observation_with_box.mp4,3769,NA,
observation,11:54.6,,407.04,Media file(s),player #1:observation_with_box.mp4,0,408.975,29.97,,left-out,,POINT,125.925,observation_with_box.mp4,3774,NA,
observation,11:54.6,,407.04,Media file(s),player #1:observation_with_box.mp4,0,408.975,29.97,,left-out,,POINT,126.059,observation_with_box.mp4,3778,NA,
observation,11:54.6,,407.04,Media file(s),player #1:observation_with_box.mp4,0,408.975,29.97,,right-in,,POINT,126.092,observation_with_box.mp4,3779,NA,
observation,11:54.6,,407.04,Media file(s),player #1:observation_with_box.mp4,0,408.975,29.97,,left-in,,POINT,126.426,observation_with_box.mp4,3789,NA,
observation,11:54.6,,407.04,Media file(s),player #1:observation_with_box.mp4,0,408.975,29.97,,right-out,,POINT,126.76,observation_with_box.mp4,3799,NA,
observation,11:54.6,,407.04,Media file(s),player #1:observation_with_box.mp4,0,408.975,29.97,,left-in,,POINT,126.993,observation_with_box.mp4,3806,NA,
observation,11:54.6,,407.04,Media file(s),player #1:observation_with_box.mp4,0,408.975,29.97,,right-out,,POINT,127.36,observation_with_box.mp4,3817,NA,
observation,11:54.6,,407.04,Media file(s),player #1:observation_with_box.mp4,0,408.975,29.97,,right-out,,POINT,127.861,observation_with_box.mp4,3832,NA,
observation,11:54.6,,407.04,Media file(s),player #1:observation_with_box.mp4,0,408.975,29.97,,left-in,,POINT,127.961,observation_with_box.mp4,3835,NA,
observation,11:54.6,,407.04,Media file(s),player #1:observation_with_box.mp4,0,408.975,29.97,,left-out,,POINT,128.294,observation_with_box.mp4,3845,NA,
observation,11:54.6,,407.04,Media file(s),player #1:observation_with_box.mp4,0,408.975,29.97,,right-in,,POINT,128.595,observation_with_box.mp4,3854,NA,
observation,11:54.6,,407.04,Media file(s),player #1:observation_with_box.mp4,0,408.975,29.97,,right-out,,POINT,128.595,observation_with_box.mp4,3854,NA,
observation,11:54.6,,407.04,Media file(s),player #1:observation_with_box.mp4,0,408.975,29.97,,left-in,,POINT,129.195,observation_with_box.mp4,3872,NA,
observation,11:54.6,,407.04,Media file(s),player #1:observation_with_box.mp4,0,408.975,29.97,,left-out,,POINT,129.963,observation_with_box.mp4,3895,NA,
observation,11:54.6,,407.04,Media file(s),player #1:observation_with_box.mp4,0,408.975,29.97,,left-out,,POINT,130.63,observation_with_box.mp4,3915,NA,
observation,11:54.6,,407.04,Media file(s),player #1:observation_with_box.mp4,0,408.975,29.97,,right-out,,POINT,130.73,observation_with_box.mp4,3918,NA,
observation,11:54.6,,407.04,Media file(s),player #1:observation_with_box.mp4,0,408.975,29.97,,left-out,,POINT,131.364,observation_with_box.mp4,3937,NA,
observation,11:54.6,,407.04,Media file(s),player #1:observation_with_box.mp4,0,408.975,29.97,,left-out,,POINT,131.698,observation_with_box.mp4,3947,NA,
observation,11:54.6,,407.04,Media file(s),player #1:observation_with_box.mp4,0,408.975,29.97,,left-out,,POINT,131.931,observation_with_box.mp4,3954,NA,
observation,11:54.6,,407.04,Media file(s),player #1:observation_with_box.mp4,0,408.975,29.97,,left-in,,POINT,132.032,observation_with_box.mp4,3957,NA,
observation,11:54.6,,407.04,Media file(s),player #1:observation_with_box.mp4,0,408.975,29.97,,left-in,,POINT,133.033,observation_with_box.mp4,3987,NA,
observation,11:54.6,,407.04,Media file(s),player #1:observation_with_box.mp4,0,408.975,29.97,,left-out,,POINT,135.435,observation_with_box.mp4,4059,NA,
observation,11:54.6,,407.04,Media file(s),player #1:observation_with_box.mp4,0,408.975,29.97,,left-out,,POINT,135.635,observation_with_box.mp4,4065,NA,
observation,11:54.6,,407.04,Media file(s),player #1:observation_with_box.mp4,0,408.975,29.97,,right-in,,POINT,136.469,observation_with_box.mp4,4090,NA,
observation,11:54.6,,407.04,Media file(s),player #1:observation_with_box.mp4,0,408.975,29.97,,left-in,,POINT,139.372,observation_with_box.mp4,4177,NA,
observation,11:54.6,,407.04,Media file(s),player #1:observation_with_box.mp4,0,408.975,29.97,,right-out,,POINT,139.406,observation_with_box.mp4,4178,NA,
observation,11:54.6,,407.04,Media file(s),player #1:observation_with_box.mp4,0,408.975,29.97,,right-in,,POINT,141.274,observation_with_box.mp4,4234,NA,
observation,11:54.6,,407.04,Media file(s),player #1:observation_with_box.mp4,0,408.975,29.97,,right-in,,POINT,142.108,observation_with_box.mp4,4259,NA,
observation,11:54.6,,407.04,Media file(s),player #1:observation_with_box.mp4,0,408.975,29.97,,left-in,,POINT,142.308,observation_with_box.mp4,4265,NA,
observation,11:54.6,,407.04,Media file(s),player #1:observation_with_box.mp4,0,408.975,29.97,,left-in,,POINT,143.343,observation_with_box.mp4,4296,NA,
observation,11:54.6,,407.04,Media file(s),player #1:observation_with_box.mp4,0,408.975,29.97,,right-out,,POINT,143.41,observation_with_box.mp4,4298,NA,
observation,11:54.6,,407.04,Media file(s),player #1:observation_with_box.mp4,0,408.975,29.97,,left-in,,POINT,143.543,observation_with_box.mp4,4302,NA,
observation,11:54.6,,407.04,Media file(s),player #1:observation_with_box.mp4,0,408.975,29.97,,left-out,,POINT,144.344,observation_with_box.mp4,4326,NA,
observation,11:54.6,,407.04,Media file(s),player #1:observation_with_box.mp4,0,408.975,29.97,,left-out,,POINT,144.544,observation_with_box.mp4,4332,NA,
observation,11:54.6,,407.04,Media file(s),player #1:observation_with_box.mp4,0,408.975,29.97,,left-in,,POINT,144.644,observation_with_box.mp4,4335,NA,
observation,11:54.6,,407.04,Media file(s),player #1:observation_with_box.mp4,0,408.975,29.97,,left-in,,POINT,145.478,observation_with_box.mp4,4360,NA,
observation,11:54.6,,407.04,Media file(s),player #1:observation_with_box.mp4,0,408.975,29.97,,left-in,,POINT,145.712,observation_with_box.mp4,4367,NA,
observation,11:54.6,,407.04,Media file(s),player #1:observation_with_box.mp4,0,408.975,29.97,,right-in,,POINT,146.146,observation_with_box.mp4,4380,NA,
observation,11:54.6,,407.04,Media file(s),player #1:observation_with_box.mp4,0,408.975,29.97,,right-in,,POINT,147.147,observation_with_box.mp4,4410,NA,
observation,11:54.6,,407.04,Media file(s),player #1:observation_with_box.mp4,0,408.975,29.97,,left-out,,POINT,148.248,observation_with_box.mp4,4443,NA,
observation,11:54.6,,407.04,Media file(s),player #1:observation_with_box.mp4,0,408.975,29.97,,left-in,,POINT,148.648,observation_with_box.mp4,4455,NA,
observation,11:54.6,,407.04,Media file(s),player #1:observation_with_box.mp4,0,408.975,29.97,,left-in,,POINT,148.815,observation_with_box.mp4,4460,NA,
observation,11:54.6,,407.04,Media file(s),player #1:observation_with_box.mp4,0,408.975,29.97,,left-out,,POINT,149.382,observation_with_box.mp4,4477,NA,
observation,11:54.6,,407.04,Media file(s),player #1:observation_with_box.mp4,0,408.975,29.97,,right-in,,POINT,149.382,observation_with_box.mp4,4477,NA,
observation,11:54.6,,407.04,Media file(s),player #1:observation_with_box.mp4,0,408.975,29.97,,right-out,,POINT,149.582,observation_with_box.mp4,4483,NA,
observation,11:54.6,,407.04,Media file(s),player #1:observation_with_box.mp4,0,408.975,29.97,,left-in,,POINT,150.15,observation_with_box.mp4,4500,NA,
observation,11:54.6,,407.04,Media file(s),player #1:observation_with_box.mp4,0,408.975,29.97,,right-in,,POINT,150.283,observation_with_box.mp4,4504,NA,
observation,11:54.6,,407.04,Media file(s),player #1:observation_with_box.mp4,0,408.975,29.97,,left-in,,POINT,150.417,observation_with_box.mp4,4508,NA,
observation,11:54.6,,407.04,Media file(s),player #1:observation_with_box.mp4,0,408.975,29.97,,right-in,,POINT,150.517,observation_with_box.mp4,4511,NA,
observation,11:54.6,,407.04,Media file(s),player #1:observation_with_box.mp4,0,408.975,29.97,,right-in,,POINT,151.051,observation_with_box.mp4,4527,NA,
observation,11:54.6,,407.04,Media file(s),player #1:observation_with_box.mp4,0,408.975,29.97,,right-in,,POINT,151.284,observation_with_box.mp4,4534,NA,
observation,11:54.6,,407.04,Media file(s),player #1:observation_with_box.mp4,0,408.975,29.97,,left-in,,POINT,151.551,observation_with_box.mp4,4542,NA,
observation,11:54.6,,407.04,Media file(s),player #1:observation_with_box.mp4,0,408.975,29.97,,left-out,,POINT,151.718,observation_with_box.mp4,4547,NA,
observation,11:54.6,,407.04,Media file(s),player #1:observation_with_box.mp4,0,408.975,29.97,,left-out,,POINT,151.885,observation_with_box.mp4,4552,NA,
observation,11:54.6,,407.04,Media file(s),player #1:observation_with_box.mp4,0,408.975,29.97,,right-in,,POINT,151.918,observation_with_box.mp4,4553,NA,
observation,11:54.6,,407.04,Media file(s),player #1:observation_with_box.mp4,0,408.975,29.97,,right-out,,POINT,152.018,observation_with_box.mp4,4556,NA,
observation,11:54.6,,407.04,Media file(s),player #1:observation_with_box.mp4,0,408.975,29.97,,left-out,,POINT,152.285,observation_with_box.mp4,4564,NA,
observation,11:54.6,,407.04,Media file(s),player #1:observation_with_box.mp4,0,408.975,29.97,,left-in,,POINT,152.619,observation_with_box.mp4,4574,NA,
observation,11:54.6,,407.04,Media file(s),player #1:observation_with_box.mp4,0,408.975,29.97,,left-in,,POINT,152.952,observation_with_box.mp4,4584,NA,
observation,11:54.6,,407.04,Media file(s),player #1:observation_with_box.mp4,0,408.975,29.97,,right-out,,POINT,153.219,observation_with_box.mp4,4592,NA,
observation,11:54.6,,407.04,Media file(s),player #1:observation_with_box.mp4,0,408.975,29.97,,right-out,,POINT,153.353,observation_with_box.mp4,4596,NA,
observation,11:54.6,,407.04,Media file(s),player #1:observation_with_box.mp4,0,408.975,29.97,,left-out,,POINT,153.453,observation_with_box.mp4,4599,NA,
observation,11:54.6,,407.04,Media file(s),player #1:observation_with_box.mp4,0,408.975,29.97,,right-in,,POINT,153.486,observation_with_box.mp4,4600,NA,
observation,11:54.6,,407.04,Media file(s),player #1:observation_with_box.mp4,0,408.975,29.97,,left-out,,POINT,153.553,observation_with_box.mp4,4602,NA,
observation,11:54.6,,407.04,Media file(s),player #1:observation_with_box.mp4,0,408.975,29.97,,left-out,,POINT,153.753,observation_with_box.mp4,4608,NA,
observation,11:54.6,,407.04,Media file(s),player #1:observation_with_box.mp4,0,408.975,29.97,,right-out,,POINT,153.853,observation_with_box.mp4,4611,NA,
observation,11:54.6,,407.04,Media file(s),player #1:observation_with_box.mp4,0,408.975,29.97,,left-out,,POINT,153.987,observation_with_box.mp4,4615,NA,
observation,11:54.6,,407.04,Media file(s),player #1:observation_with_box.mp4,0,408.975,29.97,,right-in,,POINT,154.02,observation_with_box.mp4,4616,NA,
observation,11:54.6,,407.04,Media file(s),player #1:observation_with_box.mp4,0,408.975,29.97,,left-out,,POINT,154.22,observation_with_box.mp4,4622,NA,
observation,11:54.6,,407.04,Media file(s),player #1:observation_with_box.mp4,0,408.975,29.97,,left-out,,POINT,154.421,observation_with_box.mp4,4628,NA,
observation,11:54.6,,407.04,Media file(s),player #1:observation_with_box.mp4,0,408.975,29.97,,left-out,,POINT,154.521,observation_with_box.mp4,4631,NA,
observation,11:54.6,,407.04,Media file(s),player #1:observation_with_box.mp4,0,408.975,29.97,,left-in,,POINT,154.688,observation_with_box.mp4,4636,NA,
observation,11:54.6,,407.04,Media file(s),player #1:observation_with_box.mp4,0,408.975,29.97,,right-in,,POINT,154.721,observation_with_box.mp4,4637,NA,
observation,11:54.6,,407.04,Media file(s),player #1:observation_with_box.mp4,0,408.975,29.97,,left-in,,POINT,154.921,observation_with_box.mp4,4643,NA,
observation,11:54.6,,407.04,Media file(s),player #1:observation_with_box.mp4,0,408.975,29.97,,right-in,,POINT,155.255,observation_with_box.mp4,4653,NA,
observation,11:54.6,,407.04,Media file(s),player #1:observation_with_box.mp4,0,408.975,29.97,,right-out,,POINT,155.255,observation_with_box.mp4,4653,NA,
observation,11:54.6,,407.04,Media file(s),player #1:observation_with_box.mp4,0,408.975,29.97,,right-out,,POINT,155.689,observation_with_box.mp4,4666,NA,
observation,11:54.6,,407.04,Media file(s),player #1:observation_with_box.mp4,0,408.975,29.97,,right-out,,POINT,155.822,observation_with_box.mp4,4670,NA,
observation,11:54.6,,407.04,Media file(s),player #1:observation_with_box.mp4,0,408.975,29.97,,right-out,,POINT,155.922,observation_with_box.mp4,4673,NA,
observation,11:54.6,,407.04,Media file(s),player #1:observation_with_box.mp4,0,408.975,29.97,,left-in,,POINT,156.956,observation_with_box.mp4,4704,NA,
observation,11:54.6,,407.04,Media file(s),player #1:observation_with_box.mp4,0,408.975,29.97,,right-out,,POINT,157.357,observation_with_box.mp4,4716,NA,
observation,11:54.6,,407.04,Media file(s),player #1:observation_with_box.mp4,0,408.975,29.97,,left-out,,POINT,157.39,observation_with_box.mp4,4717,NA,
observation,11:54.6,,407.04,Media file(s),player #1:observation_with_box.mp4,0,408.975,29.97,,right-out,,POINT,158.358,observation_with_box.mp4,4746,NA,
observation,11:54.6,,407.04,Media file(s),player #1:observation_with_box.mp4,0,408.975,29.97,,right-in,,POINT,158.558,observation_with_box.mp4,4752,NA,
observation,11:54.6,,407.04,Media file(s),player #1:observation_with_box.mp4,0,408.975,29.97,,right-in,,POINT,158.758,observation_with_box.mp4,4758,NA,
observation,11:54.6,,407.04,Media file(s),player #1:observation_with_box.mp4,0,408.975,29.97,,right-in,,POINT,159.125,observation_with_box.mp4,4769,NA,
observation,11:54.6,,407.04,Media file(s),player #1:observation_with_box.mp4,0,408.975,29.97,,left-out,,POINT,159.225,observation_with_box.mp4,4772,NA,
observation,11:54.6,,407.04,Media file(s),player #1:observation_with_box.mp4,0,408.975,29.97,,right-in,,POINT,159.392,observation_with_box.mp4,4777,NA,
observation,11:54.6,,407.04,Media file(s),player #1:observation_with_box.mp4,0,408.975,29.97,,left-in,,POINT,159.459,observation_with_box.mp4,4779,NA,
observation,11:54.6,,407.04,Media file(s),player #1:observation_with_box.mp4,0,408.975,29.97,,right-out,,POINT,159.459,observation_with_box.mp4,4779,NA,
observation,11:54.6,,407.04,Media file(s),player #1:observation_with_box.mp4,0,408.975,29.97,,left-in,,POINT,159.893,observation_with_box.mp4,4792,NA,
observation,11:54.6,,407.04,Media file(s),player #1:observation_with_box.mp4,0,408.975,29.97,,right-in,,POINT,160.16,observation_with_box.mp4,4800,NA,
observation,11:54.6,,407.04,Media file(s),player #1:observation_with_box.mp4,0,408.975,29.97,,left-in,,POINT,160.393,observation_with_box.mp4,4807,NA,
observation,11:54.6,,407.04,Media file(s),player #1:observation_with_box.mp4,0,408.975,29.97,,right-out,,POINT,160.827,observation_with_box.mp4,4820,NA,
observation,11:54.6,,407.04,Media file(s),player #1:observation_with_box.mp4,0,408.975,29.97,,left-in,,POINT,161.761,observation_with_box.mp4,4848,NA,
observation,11:54.6,,407.04,Media file(s),player #1:observation_with_box.mp4,0,408.975,29.97,,right-out,,POINT,161.928,observation_with_box.mp4,4853,NA,
observation,11:54.6,,407.04,Media file(s),player #1:observation_with_box.mp4,0,408.975,29.97,,left-in,,POINT,161.995,observation_with_box.mp4,4855,NA,
observation,11:54.6,,407.04,Media file(s),player #1:observation_with_box.mp4,0,408.975,29.97,,left-in,,POINT,162.162,observation_with_box.mp4,4860,NA,
observation,11:54.6,,407.04,Media file(s),player #1:observation_with_box.mp4,0,408.975,29.97,,right-out,,POINT,162.195,observation_with_box.mp4,4861,NA,
observation,11:54.6,,407.04,Media file(s),player #1:observation_with_box.mp4,0,408.975,29.97,,left-out,,POINT,162.262,observation_with_box.mp4,4863,NA,
observation,11:54.6,,407.04,Media file(s),player #1:observation_with_box.mp4,0,408.975,29.97,,right-out,,POINT,162.929,observation_with_box.mp4,4883,NA,
observation,11:54.6,,407.04,Media file(s),player #1:observation_with_box.mp4,0,408.975,29.97,,left-out,,POINT,162.962,observation_with_box.mp4,4884,NA,
observation,11:54.6,,407.04,Media file(s),player #1:observation_with_box.mp4,0,408.975,29.97,,left-out,,POINT,163.363,observation_with_box.mp4,4896,NA,
observation,11:54.6,,407.04,Media file(s),player #1:observation_with_box.mp4,0,408.975,29.97,,left-in,,POINT,163.43,observation_with_box.mp4,4898,NA,
observation,11:54.6,,407.04,Media file(s),player #1:observation_with_box.mp4,0,408.975,29.97,,left-out,,POINT,163.596,observation_with_box.mp4,4903,NA,
observation,11:54.6,,407.04,Media file(s),player #1:observation_with_box.mp4,0,408.975,29.97,,left-in,,POINT,163.73,observation_with_box.mp4,4907,NA,
observation,11:54.6,,407.04,Media file(s),player #1:observation_with_box.mp4,0,408.975,29.97,,left-in,,POINT,163.897,observation_with_box.mp4,4912,NA,
observation,11:54.6,,407.04,Media file(s),player #1:observation_with_box.mp4,0,408.975,29.97,,left-in,,POINT,164.064,observation_with_box.mp4,4917,NA,
observation,11:54.6,,407.04,Media file(s),player #1:observation_with_box.mp4,0,408.975,29.97,,left-out,,POINT,164.297,observation_with_box.mp4,4924,NA,
observation,11:54.6,,407.04,Media file(s),player #1:observation_with_box.mp4,0,408.975,29.97,,right-out,,POINT,164.364,observation_with_box.mp4,4926,NA,
observation,11:54.6,,407.04,Media file(s),player #1:observation_with_box.mp4,0,408.975,29.97,,left-out,,POINT,164.431,observation_with_box.mp4,4928,NA,
observation,11:54.6,,407.04,Media file(s),player #1:observation_with_box.mp4,0,408.975,29.97,,right-in,,POINT,164.564,observation_with_box.mp4,4932,NA,
observation,11:54.6,,407.04,Media file(s),player #1:observation_with_box.mp4,0,408.975,29.97,,right-out,,POINT,164.597,observation_with_box.mp4,4933,NA,
observation,11:54.6,,407.04,Media file(s),player #1:observation_with_box.mp4,0,408.975,29.97,,left-in,,POINT,164.931,observation_with_box.mp4,4943,NA,
observation,11:54.6,,407.04,Media file(s),player #1:observation_with_box.mp4,0,408.975,29.97,,left-out,,POINT,165.165,observation_with_box.mp4,4950,NA,
observation,11:54.6,,407.04,Media file(s),player #1:observation_with_box.mp4,0,408.975,29.97,,right-in,,POINT,165.231,observation_with_box.mp4,4952,NA,
observation,11:54.6,,407.04,Media file(s),player #1:observation_with_box.mp4,0,408.975,29.97,,right-out,,POINT,165.365,observation_with_box.mp4,4956,NA,
observation,11:54.6,,407.04,Media file(s),player #1:observation_with_box.mp4,0,408.975,29.97,,left-in,,POINT,165.665,observation_with_box.mp4,4965,NA,
observation,11:54.6,,407.04,Media file(s),player #1:observation_with_box.mp4,0,408.975,29.97,,right-in,,POINT,167.2,observation_with_box.mp4,5011,NA,
observation,11:54.6,,407.04,Media file(s),player #1:observation_with_box.mp4,0,408.975,29.97,,left-out,,POINT,167.267,observation_with_box.mp4,5013,NA,
observation,11:54.6,,407.04,Media file(s),player #1:observation_with_box.mp4,0,408.975,29.97,,left-out,,POINT,168.268,observation_with_box.mp4,5043,NA,
observation,11:54.6,,407.04,Media file(s),player #1:observation_with_box.mp4,0,408.975,29.97,,left-out,,POINT,168.368,observation_with_box.mp4,5046,NA,
observation,11:54.6,,407.04,Media file(s),player #1:observation_with_box.mp4,0,408.975,29.97,,left-out,,POINT,168.501,observation_with_box.mp4,5050,NA,
observation,11:54.6,,407.04,Media file(s),player #1:observation_with_box.mp4,0,408.975,29.97,,left-out,,POINT,169.102,observation_with_box.mp4,5068,NA,
observation,11:54.6,,407.04,Media file(s),player #1:observation_with_box.mp4,0,408.975,29.97,,left-out,,POINT,169.669,observation_with_box.mp4,5085,NA,
observation,11:54.6,,407.04,Media file(s),player #1:observation_with_box.mp4,0,408.975,29.97,,right-in,,POINT,170.07,observation_with_box.mp4,5097,NA,
observation,11:54.6,,407.04,Media file(s),player #1:observation_with_box.mp4,0,408.975,29.97,,right-in,,POINT,170.303,observation_with_box.mp4,5104,NA,
observation,11:54.6,,407.04,Media file(s),player #1:observation_with_box.mp4,0,408.975,29.97,,left-in,,POINT,170.97,observation_with_box.mp4,5124,NA,
observation,11:54.6,,407.04,Media file(s),player #1:observation_with_box.mp4,0,408.975,29.97,,right-out,,POINT,171.104,observation_with_box.mp4,5128,NA,
observation,11:54.6,,407.04,Media file(s),player #1:observation_with_box.mp4,0,408.975,29.97,,right-out,,POINT,171.404,observation_with_box.mp4,5137,NA,
observation,11:54.6,,407.04,Media file(s),player #1:observation_with_box.mp4,0,408.975,29.97,,right-in,,POINT,171.638,observation_with_box.mp4,5144,NA,
observation,11:54.6,,407.04,Media file(s),player #1:observation_with_box.mp4,0,408.975,29.97,,left-in,,POINT,172.639,observation_with_box.mp4,5174,NA,
observation,11:54.6,,407.04,Media file(s),player #1:observation_with_box.mp4,0,408.975,29.97,,right-in,,POINT,172.672,observation_with_box.mp4,5175,NA,
observation,11:54.6,,407.04,Media file(s),player #1:observation_with_box.mp4,0,408.975,29.97,,left-in,,POINT,173.039,observation_with_box.mp4,5186,NA,
observation,11:54.6,,407.04,Media file(s),player #1:observation_with_box.mp4,0,408.975,29.97,,left-out,,POINT,173.173,observation_with_box.mp4,5190,NA,
observation,11:54.6,,407.04,Media file(s),player #1:observation_with_box.mp4,0,408.975,29.97,,left-in,,POINT,173.773,observation_with_box.mp4,5208,NA,
observation,11:54.6,,407.04,Media file(s),player #1:observation_with_box.mp4,0,408.975,29.97,,right-out,,POINT,174.24,observation_with_box.mp4,5222,NA,
observation,11:54.6,,407.04,Media file(s),player #1:observation_with_box.mp4,0,408.975,29.97,,left-in,,POINT,174.374,observation_with_box.mp4,5226,NA,
observation,11:54.6,,407.04,Media file(s),player #1:observation_with_box.mp4,0,408.975,29.97,,right-out,,POINT,174.908,observation_with_box.mp4,5242,NA,
observation,11:54.6,,407.04,Media file(s),player #1:observation_with_box.mp4,0,408.975,29.97,,left-out,,POINT,175.408,observation_with_box.mp4,5257,NA,
observation,11:54.6,,407.04,Media file(s),player #1:observation_with_box.mp4,0,408.975,29.97,,left-out,,POINT,175.709,observation_with_box.mp4,5266,NA,
observation,11:54.6,,407.04,Media file(s),player #1:observation_with_box.mp4,0,408.975,29.97,,left-in,,POINT,176.076,observation_with_box.mp4,5277,NA,
observation,11:54.6,,407.04,Media file(s),player #1:observation_with_box.mp4,0,408.975,29.97,,right-in,,POINT,176.176,observation_with_box.mp4,5280,NA,
observation,11:54.6,,407.04,Media file(s),player #1:observation_with_box.mp4,0,408.975,29.97,,left-in,,POINT,176.543,observation_with_box.mp4,5291,NA,
observation,11:54.6,,407.04,Media file(s),player #1:observation_with_box.mp4,0,408.975,29.97,,right-out,,POINT,176.543,observation_with_box.mp4,5291,NA,
observation,11:54.6,,407.04,Media file(s),player #1:observation_with_box.mp4,0,408.975,29.97,,left-out,,POINT,176.576,observation_with_box.mp4,5292,NA,
observation,11:54.6,,407.04,Media file(s),player #1:observation_with_box.mp4,0,408.975,29.97,,right-in,,POINT,176.743,observation_with_box.mp4,5297,NA,
observation,11:54.6,,407.04,Media file(s),player #1:observation_with_box.mp4,0,408.975,29.97,,left-out,,POINT,177.11,observation_with_box.mp4,5308,NA,
observation,11:54.6,,407.04,Media file(s),player #1:observation_with_box.mp4,0,408.975,29.97,,right-in,,POINT,177.177,observation_with_box.mp4,5310,NA,
observation,11:54.6,,407.04,Media file(s),player #1:observation_with_box.mp4,0,408.975,29.97,,right-out,,POINT,178.845,observation_with_box.mp4,5360,NA,
observation,11:54.6,,407.04,Media file(s),player #1:observation_with_box.mp4,0,408.975,29.97,,left-out,,POINT,179.079,observation_with_box.mp4,5367,NA,
observation,11:54.6,,407.04,Media file(s),player #1:observation_with_box.mp4,0,408.975,29.97,,right-out,,POINT,179.145,observation_with_box.mp4,5369,NA,
observation,11:54.6,,407.04,Media file(s),player #1:observation_with_box.mp4,0,408.975,29.97,,left-in,,POINT,179.546,observation_with_box.mp4,5381,NA,
observation,11:54.6,,407.04,Media file(s),player #1:observation_with_box.mp4,0,408.975,29.97,,right-in,,POINT,179.846,observation_with_box.mp4,5390,NA,
observation,11:54.6,,407.04,Media file(s),player #1:observation_with_box.mp4,0,408.975,29.97,,right-in,,POINT,180.146,observation_with_box.mp4,5399,NA,
observation,11:54.6,,407.04,Media file(s),player #1:observation_with_box.mp4,0,408.975,29.97,,left-in,,POINT,180.647,observation_with_box.mp4,5414,NA,
observation,11:54.6,,407.04,Media file(s),player #1:observation_with_box.mp4,0,408.975,29.97,,right-out,,POINT,180.68,observation_with_box.mp4,5415,NA,
observation,11:54.6,,407.04,Media file(s),player #1:observation_with_box.mp4,0,408.975,29.97,,right-out,,POINT,180.714,observation_with_box.mp4,5416,NA,
observation,11:54.6,,407.04,Media file(s),player #1:observation_with_box.mp4,0,408.975,29.97,,right-out,,POINT,180.914,observation_with_box.mp4,5422,NA,
observation,11:54.6,,407.04,Media file(s),player #1:observation_with_box.mp4,0,408.975,29.97,,left-in,,POINT,180.947,observation_with_box.mp4,5423,NA,
observation,11:54.6,,407.04,Media file(s),player #1:observation_with_box.mp4,0,408.975,29.97,,left-in,,POINT,181.381,observation_with_box.mp4,5436,NA,
observation,11:54.6,,407.04,Media file(s),player #1:observation_with_box.mp4,0,408.975,29.97,,left-out,,POINT,181.648,observation_with_box.mp4,5444,NA,
observation,11:54.6,,407.04,Media file(s),player #1:observation_with_box.mp4,0,408.975,29.97,,left-in,,POINT,182.248,observation_with_box.mp4,5462,NA,
observation,11:54.6,,407.04,Media file(s),player #1:observation_with_box.mp4,0,408.975,29.97,,right-in,,POINT,182.348,observation_with_box.mp4,5465,NA,
observation,11:54.6,,407.04,Media file(s),player #1:observation_with_box.mp4,0,408.975,29.97,,right-in,,POINT,182.615,observation_with_box.mp4,5473,NA,
observation,11:54.6,,407.04,Media file(s),player #1:observation_with_box.mp4,0,408.975,29.97,,left-out,,POINT,182.782,observation_with_box.mp4,5478,NA,
observation,11:54.6,,407.04,Media file(s),player #1:observation_with_box.mp4,0,408.975,29.97,,right-in,,POINT,182.849,observation_with_box.mp4,5480,NA,
observation,11:54.6,,407.04,Media file(s),player #1:observation_with_box.mp4,0,408.975,29.97,,left-out,,POINT,182.916,observation_with_box.mp4,5482,NA,
observation,11:54.6,,407.04,Media file(s),player #1:observation_with_box.mp4,0,408.975,29.97,,left-out,,POINT,182.982,observation_with_box.mp4,5484,NA,
observation,11:54.6,,407.04,Media file(s),player #1:observation_with_box.mp4,0,408.975,29.97,,right-out,,POINT,183.016,observation_with_box.mp4,5485,NA,
observation,11:54.6,,407.04,Media file(s),player #1:observation_with_box.mp4,0,408.975,29.97,,right-in,,POINT,183.116,observation_with_box.mp4,5488,NA,
observation,11:54.6,,407.04,Media file(s),player #1:observation_with_box.mp4,0,408.975,29.97,,left-out,,POINT,183.149,observation_with_box.mp4,5489,NA,
observation,11:54.6,,407.04,Media file(s),player #1:observation_with_box.mp4,0,408.975,29.97,,right-in,,POINT,183.683,observation_with_box.mp4,5505,NA,
observation,11:54.6,,407.04,Media file(s),player #1:observation_with_box.mp4,0,408.975,29.97,,left-in,,POINT,184.117,observation_with_box.mp4,5518,NA,
observation,11:54.6,,407.04,Media file(s),player #1:observation_with_box.mp4,0,408.975,29.97,,right-out,,POINT,184.117,observation_with_box.mp4,5518,NA,
observation,11:54.6,,407.04,Media file(s),player #1:observation_with_box.mp4,0,408.975,29.97,,left-in,,POINT,184.617,observation_with_box.mp4,5533,NA,
observation,11:54.6,,407.04,Media file(s),player #1:observation_with_box.mp4,0,408.975,29.97,,left-in,,POINT,185.251,observation_with_box.mp4,5552,NA,
observation,11:54.6,,407.04,Media file(s),player #1:observation_with_box.mp4,0,408.975,29.97,,right-out,,POINT,185.285,observation_with_box.mp4,5553,NA,
observation,11:54.6,,407.04,Media file(s),player #1:observation_with_box.mp4,0,408.975,29.97,,left-in,,POINT,185.585,observation_with_box.mp4,5562,NA,
observation,11:54.6,,407.04,Media file(s),player #1:observation_with_box.mp4,0,408.975,29.97,,right-in,,POINT,185.585,observation_with_box.mp4,5562,NA,
observation,11:54.6,,407.04,Media file(s),player #1:observation_with_box.mp4,0,408.975,29.97,,left-in,,POINT,185.652,observation_with_box.mp4,5564,NA,
observation,11:54.6,,407.04,Media file(s),player #1:observation_with_box.mp4,0,408.975,29.97,,left-out,,POINT,185.852,observation_with_box.mp4,5570,NA,
observation,11:54.6,,407.04,Media file(s),player #1:observation_with_box.mp4,0,408.975,29.97,,right-in,,POINT,185.919,observation_with_box.mp4,5572,NA,
observation,11:54.6,,407.04,Media file(s),player #1:observation_with_box.mp4,0,408.975,29.97,,left-out,,POINT,186.052,observation_with_box.mp4,5576,NA,
observation,11:54.6,,407.04,Media file(s),player #1:observation_with_box.mp4,0,408.975,29.97,,left-in,,POINT,186.119,observation_with_box.mp4,5578,NA,
observation,11:54.6,,407.04,Media file(s),player #1:observation_with_box.mp4,0,408.975,29.97,,right-out,,POINT,186.119,observation_with_box.mp4,5578,NA,
observation,11:54.6,,407.04,Media file(s),player #1:observation_with_box.mp4,0,408.975,29.97,,left-out,,POINT,186.319,observation_with_box.mp4,5584,NA,
observation,11:54.6,,407.04,Media file(s),player #1:observation_with_box.mp4,0,408.975,29.97,,right-out,,POINT,186.319,observation_with_box.mp4,5584,NA,
observation,11:54.6,,407.04,Media file(s),player #1:observation_with_box.mp4,0,408.975,29.97,,left-out,,POINT,186.586,observation_with_box.mp4,5592,NA,
observation,11:54.6,,407.04,Media file(s),player #1:observation_with_box.mp4,0,408.975,29.97,,right-in,,POINT,186.619,observation_with_box.mp4,5593,NA,
observation,11:54.6,,407.04,Media file(s),player #1:observation_with_box.mp4,0,408.975,29.97,,left-out,,POINT,186.686,observation_with_box.mp4,5595,NA,
observation,11:54.6,,407.04,Media file(s),player #1:observation_with_box.mp4,0,408.975,29.97,,left-in,,POINT,187.32,observation_with_box.mp4,5614,NA,
observation,11:54.6,,407.04,Media file(s),player #1:observation_with_box.mp4,0,408.975,29.97,,left-out,,POINT,187.721,observation_with_box.mp4,5626,NA,
observation,11:54.6,,407.04,Media file(s),player #1:observation_with_box.mp4,0,408.975,29.97,,left-in,,POINT,187.787,observation_with_box.mp4,5628,NA,
observation,11:54.6,,407.04,Media file(s),player #1:observation_with_box.mp4,0,408.975,29.97,,right-in,,POINT,188.321,observation_with_box.mp4,5644,NA,
observation,11:54.6,,407.04,Media file(s),player #1:observation_with_box.mp4,0,408.975,29.97,,left-out,,POINT,188.354,observation_with_box.mp4,5645,NA,
observation,11:54.6,,407.04,Media file(s),player #1:observation_with_box.mp4,0,408.975,29.97,,right-out,,POINT,189.055,observation_with_box.mp4,5666,NA,
observation,11:54.6,,407.04,Media file(s),player #1:observation_with_box.mp4,0,408.975,29.97,,left-out,,POINT,189.089,observation_with_box.mp4,5667,NA,
observation,11:54.6,,407.04,Media file(s),player #1:observation_with_box.mp4,0,408.975,29.97,,right-out,,POINT,189.222,observation_with_box.mp4,5671,NA,
observation,11:54.6,,407.04,Media file(s),player #1:observation_with_box.mp4,0,408.975,29.97,,left-out,,POINT,189.322,observation_with_box.mp4,5674,NA,
observation,11:54.6,,407.04,Media file(s),player #1:observation_with_box.mp4,0,408.975,29.97,,right-out,,POINT,189.456,observation_with_box.mp4,5678,NA,
observation,11:54.6,,407.04,Media file(s),player #1:observation_with_box.mp4,0,408.975,29.97,,right-out,,POINT,189.856,observation_with_box.mp4,5690,NA,
observation,11:54.6,,407.04,Media file(s),player #1:observation_with_box.mp4,0,408.975,29.97,,left-in,,POINT,189.989,observation_with_box.mp4,5694,NA,
observation,11:54.6,,407.04,Media file(s),player #1:observation_with_box.mp4,0,408.975,29.97,,right-in,,POINT,190.19,observation_with_box.mp4,5700,NA,
observation,11:54.6,,407.04,Media file(s),player #1:observation_with_box.mp4,0,408.975,29.97,,right-out,,POINT,191.191,observation_with_box.mp4,5730,NA,
observation,11:54.6,,407.04,Media file(s),player #1:observation_with_box.mp4,0,408.975,29.97,,left-out,,POINT,191.725,observation_with_box.mp4,5746,NA,
observation,11:54.6,,407.04,Media file(s),player #1:observation_with_box.mp4,0,408.975,29.97,,right-out,,POINT,192.358,observation_with_box.mp4,5765,NA,
observation,11:54.6,,407.04,Media file(s),player #1:observation_with_box.mp4,0,408.975,29.97,,left-in,,POINT,192.492,observation_with_box.mp4,5769,NA,
observation,11:54.6,,407.04,Media file(s),player #1:observation_with_box.mp4,0,408.975,29.97,,right-out,,POINT,192.792,observation_with_box.mp4,5778,NA,
observation,11:54.6,,407.04,Media file(s),player #1:observation_with_box.mp4,0,408.975,29.97,,left-in,,POINT,193.093,observation_with_box.mp4,5787,NA,
observation,11:54.6,,407.04,Media file(s),player #1:observation_with_box.mp4,0,408.975,29.97,,right-in,,POINT,193.126,observation_with_box.mp4,5788,NA,
observation,11:54.6,,407.04,Media file(s),player #1:observation_with_box.mp4,0,408.975,29.97,,right-in,,POINT,193.793,observation_with_box.mp4,5808,NA,
observation,11:54.6,,407.04,Media file(s),player #1:observation_with_box.mp4,0,408.975,29.97,,left-in,,POINT,193.86,observation_with_box.mp4,5810,NA,
observation,11:54.6,,407.04,Media file(s),player #1:observation_with_box.mp4,0,408.975,29.97,,right-in,,POINT,194.327,observation_with_box.mp4,5824,NA,
observation,11:54.6,,407.04,Media file(s),player #1:observation_with_box.mp4,0,408.975,29.97,,left-out,,POINT,194.394,observation_with_box.mp4,5826,NA,
observation,11:54.6,,407.04,Media file(s),player #1:observation_with_box.mp4,0,408.975,29.97,,left-out,,POINT,195.528,observation_with_box.mp4,5860,NA,
observation,11:54.6,,407.04,Media file(s),player #1:observation_with_box.mp4,0,408.975,29.97,,right-out,,POINT,196.096,observation_with_box.mp4,5877,NA,
observation,11:54.6,,407.04,Media file(s),player #1:observation_with_box.mp4,0,408.975,29.97,,right-in,,POINT,196.496,observation_with_box.mp4,5889,NA,
observation,11:54.6,,407.04,Media file(s),player #1:observation_with_box.mp4,0,408.975,29.97,,left-in,,POINT,196.663,observation_with_box.mp4,5894,NA,
observation,11:54.6,,407.04,Media file(s),player #1:observation_with_box.mp4,0,408.975,29.97,,right-out,,POINT,196.73,observation_with_box.mp4,5896,NA,
observation,11:54.6,,407.04,Media file(s),player #1:observation_with_box.mp4,0,408.975,29.97,,left-in,,POINT,197.263,observation_with_box.mp4,5912,NA,
observation,11:54.6,,407.04,Media file(s),player #1:observation_with_box.mp4,0,408.975,29.97,,left-in,,POINT,197.363,observation_with_box.mp4,5915,NA,
observation,11:54.6,,407.04,Media file(s),player #1:observation_with_box.mp4,0,408.975,29.97,,left-out,,POINT,197.564,observation_with_box.mp4,5921,NA,
observation,11:54.6,,407.04,Media file(s),player #1:observation_with_box.mp4,0,408.975,29.97,,left-in,,POINT,197.831,observation_with_box.mp4,5929,NA,
observation,11:54.6,,407.04,Media file(s),player #1:observation_with_box.mp4,0,408.975,29.97,,left-in,,POINT,198.431,observation_with_box.mp4,5947,NA,
observation,11:54.6,,407.04,Media file(s),player #1:observation_with_box.mp4,0,408.975,29.97,,right-in,,POINT,199.099,observation_with_box.mp4,5967,NA,
observation,11:54.6,,407.04,Media file(s),player #1:observation_with_box.mp4,0,408.975,29.97,,left-out,,POINT,199.299,observation_with_box.mp4,5973,NA,
observation,11:54.6,,407.04,Media file(s),player #1:observation_with_box.mp4,0,408.975,29.97,,left-out,,POINT,199.466,observation_with_box.mp4,5978,NA,
observation,11:54.6,,407.04,Media file(s),player #1:observation_with_box.mp4,0,408.975,29.97,,right-out,,POINT,200.033,observation_with_box.mp4,5995,NA,
observation,11:54.6,,407.04,Media file(s),player #1:observation_with_box.mp4,0,408.975,29.97,,left-in,,POINT,200.066,observation_with_box.mp4,5996,NA,
observation,11:54.6,,407.04,Media file(s),player #1:observation_with_box.mp4,0,408.975,29.97,,left-out,,POINT,200.166,observation_with_box.mp4,5999,NA,
observation,11:54.6,,407.04,Media file(s),player #1:observation_with_box.mp4,0,408.975,29.97,,right-out,,POINT,200.567,observation_with_box.mp4,6011,NA,
observation,11:54.6,,407.04,Media file(s),player #1:observation_with_box.mp4,0,408.975,29.97,,left-out,,POINT,200.633,observation_with_box.mp4,6013,NA,
observation,11:54.6,,407.04,Media file(s),player #1:observation_with_box.mp4,0,408.975,29.97,,left-in,,POINT,201.067,observation_with_box.mp4,6026,NA,
observation,11:54.6,,407.04,Media file(s),player #1:observation_with_box.mp4,0,408.975,29.97,,right-in,,POINT,201.801,observation_with_box.mp4,6048,NA,
observation,11:54.6,,407.04,Media file(s),player #1:observation_with_box.mp4,0,408.975,29.97,,left-out,,POINT,202.135,observation_with_box.mp4,6058,NA,
observation,11:54.6,,407.04,Media file(s),player #1:observation_with_box.mp4,0,408.975,29.97,,right-in,,POINT,202.168,observation_with_box.mp4,6059,NA,
observation,11:54.6,,407.04,Media file(s),player #1:observation_with_box.mp4,0,408.975,29.97,,left-out,,POINT,202.535,observation_with_box.mp4,6070,NA,
observation,11:54.6,,407.04,Media file(s),player #1:observation_with_box.mp4,0,408.975,29.97,,left-in,,POINT,203.103,observation_with_box.mp4,6087,NA,
observation,11:54.6,,407.04,Media file(s),player #1:observation_with_box.mp4,0,408.975,29.97,,left-in,,POINT,203.369,observation_with_box.mp4,6095,NA,
observation,11:54.6,,407.04,Media file(s),player #1:observation_with_box.mp4,0,408.975,29.97,,left-out,,POINT,204.838,observation_with_box.mp4,6139,NA,
observation,11:54.6,,407.04,Media file(s),player #1:observation_with_box.mp4,0,408.975,29.97,,right-out,,POINT,205.105,observation_with_box.mp4,6147,NA,
observation,11:54.6,,407.04,Media file(s),player #1:observation_with_box.mp4,0,408.975,29.97,,right-out,,POINT,205.238,observation_with_box.mp4,6151,NA,
observation,11:54.6,,407.04,Media file(s),player #1:observation_with_box.mp4,0,408.975,29.97,,right-out,,POINT,205.472,observation_with_box.mp4,6158,NA,
observation,11:54.6,,407.04,Media file(s),player #1:observation_with_box.mp4,0,408.975,29.97,,left-in,,POINT,205.839,observation_with_box.mp4,6169,NA,
observation,11:54.6,,407.04,Media file(s),player #1:observation_with_box.mp4,0,408.975,29.97,,left-in,,POINT,206.005,observation_with_box.mp4,6174,NA,
observation,11:54.6,,407.04,Media file(s),player #1:observation_with_box.mp4,0,408.975,29.97,,right-in,,POINT,206.139,observation_with_box.mp4,6178,NA,
observation,11:54.6,,407.04,Media file(s),player #1:observation_with_box.mp4,0,408.975,29.97,,left-out,,POINT,206.206,observation_with_box.mp4,6180,NA,
observation,11:54.6,,407.04,Media file(s),player #1:observation_with_box.mp4,0,408.975,29.97,,left-out,,POINT,206.239,observation_with_box.mp4,6181,NA,
observation,11:54.6,,407.04,Media file(s),player #1:observation_with_box.mp4,0,408.975,29.97,,left-in,,POINT,206.473,observation_with_box.mp4,6188,NA,
observation,11:54.6,,407.04,Media file(s),player #1:observation_with_box.mp4,0,408.975,29.97,,left-in,,POINT,207.373,observation_with_box.mp4,6215,NA,
observation,11:54.6,,407.04,Media file(s),player #1:observation_with_box.mp4,0,408.975,29.97,,left-out,,POINT,207.674,observation_with_box.mp4,6224,NA,
observation,11:54.6,,407.04,Media file(s),player #1:observation_with_box.mp4,0,408.975,29.97,,left-in,,POINT,208.007,observation_with_box.mp4,6234,NA,
observation,11:54.6,,407.04,Media file(s),player #1:observation_with_box.mp4,0,408.975,29.97,,left-in,,POINT,208.475,observation_with_box.mp4,6248,NA,
observation,11:54.6,,407.04,Media file(s),player #1:observation_with_box.mp4,0,408.975,29.97,,left-out,,POINT,209.008,observation_with_box.mp4,6264,NA,
observation,11:54.6,,407.04,Media file(s),player #1:observation_with_box.mp4,0,408.975,29.97,,left-in,,POINT,209.476,observation_with_box.mp4,6278,NA,
observation,11:54.6,,407.04,Media file(s),player #1:observation_with_box.mp4,0,408.975,29.97,,right-in,,POINT,209.476,observation_with_box.mp4,6278,NA,
observation,11:54.6,,407.04,Media file(s),player #1:observation_with_box.mp4,0,408.975,29.97,,right-out,,POINT,209.976,observation_with_box.mp4,6293,NA,
observation,11:54.6,,407.04,Media file(s),player #1:observation_with_box.mp4,0,408.975,29.97,,left-in,,POINT,210.143,observation_with_box.mp4,6298,NA,
observation,11:54.6,,407.04,Media file(s),player #1:observation_with_box.mp4,0,408.975,29.97,,left-in,,POINT,210.343,observation_with_box.mp4,6304,NA,
observation,11:54.6,,407.04,Media file(s),player #1:observation_with_box.mp4,0,408.975,29.97,,left-out,,POINT,210.71,observation_with_box.mp4,6315,NA,
observation,11:54.6,,407.04,Media file(s),player #1:observation_with_box.mp4,0,408.975,29.97,,right-in,,POINT,210.81,observation_with_box.mp4,6318,NA,
observation,11:54.6,,407.04,Media file(s),player #1:observation_with_box.mp4,0,408.975,29.97,,right-in,,POINT,211.01,observation_with_box.mp4,6324,NA,
observation,11:54.6,,407.04,Media file(s),player #1:observation_with_box.mp4,0,408.975,29.97,,right-in,,POINT,211.211,observation_with_box.mp4,6330,NA,
observation,11:54.6,,407.04,Media file(s),player #1:observation_with_box.mp4,0,408.975,29.97,,left-out,,POINT,211.344,observation_with_box.mp4,6334,NA,
observation,11:54.6,,407.04,Media file(s),player #1:observation_with_box.mp4,0,408.975,29.97,,right-in,,POINT,212.011,observation_with_box.mp4,6354,NA,
observation,11:54.6,,407.04,Media file(s),player #1:observation_with_box.mp4,0,408.975,29.97,,left-in,,POINT,212.212,observation_with_box.mp4,6360,NA,
observation,11:54.6,,407.04,Media file(s),player #1:observation_with_box.mp4,0,408.975,29.97,,left-out,,POINT,212.345,observation_with_box.mp4,6364,NA,
observation,11:54.6,,407.04,Media file(s),player #1:observation_with_box.mp4,0,408.975,29.97,,right-in,,POINT,212.746,observation_with_box.mp4,6376,NA,
observation,11:54.6,,407.04,Media file(s),player #1:observation_with_box.mp4,0,408.975,29.97,,left-in,,POINT,212.979,observation_with_box.mp4,6383,NA,
observation,11:54.6,,407.04,Media file(s),player #1:observation_with_box.mp4,0,408.975,29.97,,left-out,,POINT,212.979,observation_with_box.mp4,6383,NA,
observation,11:54.6,,407.04,Media file(s),player #1:observation_with_box.mp4,0,408.975,29.97,,left-out,,POINT,213.046,observation_with_box.mp4,6385,NA,
observation,11:54.6,,407.04,Media file(s),player #1:observation_with_box.mp4,0,408.975,29.97,,right-in,,POINT,213.146,observation_with_box.mp4,6388,NA,
observation,11:54.6,,407.04,Media file(s),player #1:observation_with_box.mp4,0,408.975,29.97,,left-out,,POINT,213.179,observation_with_box.mp4,6389,NA,
observation,11:54.6,,407.04,Media file(s),player #1:observation_with_box.mp4,0,408.975,29.97,,right-in,,POINT,213.646,observation_with_box.mp4,6403,NA,
observation,11:54.6,,407.04,Media file(s),player #1:observation_with_box.mp4,0,408.975,29.97,,left-in,,POINT,214.18,observation_with_box.mp4,6419,NA,
observation,11:54.6,,407.04,Media file(s),player #1:observation_with_box.mp4,0,408.975,29.97,,left-in,,POINT,214.547,observation_with_box.mp4,6430,NA,
observation,11:54.6,,407.04,Media file(s),player #1:observation_with_box.mp4,0,408.975,29.97,,left-out,,POINT,215.749,observation_with_box.mp4,6466,NA,
observation,11:54.6,,407.04,Media file(s),player #1:observation_with_box.mp4,0,408.975,29.97,,left-in,,POINT,215.815,observation_with_box.mp4,6468,NA,
observation,11:54.6,,407.04,Media file(s),player #1:observation_with_box.mp4,0,408.975,29.97,,left-out,,POINT,216.182,observation_with_box.mp4,6479,NA,
observation,11:54.6,,407.04,Media file(s),player #1:observation_with_box.mp4,0,408.975,29.97,,left-in,,POINT,216.516,observation_with_box.mp4,6489,NA,
observation,11:54.6,,407.04,Media file(s),player #1:observation_with_box.mp4,0,408.975,29.97,,left-in,,POINT,216.583,observation_with_box.mp4,6491,NA,
observation,11:54.6,,407.04,Media file(s),player #1:observation_with_box.mp4,0,408.975,29.97,,left-out,,POINT,216.816,observation_with_box.mp4,6498,NA,
observation,11:54.6,,407.04,Media file(s),player #1:observation_with_box.mp4,0,408.975,29.97,,left-in,,POINT,216.916,observation_with_box.mp4,6501,NA,
observation,11:54.6,,407.04,Media file(s),player #1:observation_with_box.mp4,0,408.975,29.97,,right-out,,POINT,217.283,observation_with_box.mp4,6512,NA,
observation,11:54.6,,407.04,Media file(s),player #1:observation_with_box.mp4,0,408.975,29.97,,left-out,,POINT,218.318,observation_with_box.mp4,6543,NA,
observation,11:54.6,,407.04,Media file(s),player #1:observation_with_box.mp4,0,408.975,29.97,,left-in,,POINT,218.551,observation_with_box.mp4,6550,NA,
observation,11:54.6,,407.04,Media file(s),player #1:observation_with_box.mp4,0,408.975,29.97,,right-out,,POINT,218.551,observation_with_box.mp4,6550,NA,
observation,11:54.6,,407.04,Media file(s),player #1:observation_with_box.mp4,0,408.975,29.97,,right-in,,POINT,218.852,observation_with_box.mp4,6559,NA,
observation,11:54.6,,407.04,Media file(s),player #1:observation_with_box.mp4,0,408.975,29.97,,left-in,,POINT,219.085,observation_with_box.mp4,6566,NA,
observation,11:54.6,,407.04,Media file(s),player #1:observation_with_box.mp4,0,408.975,29.97,,right-out,,POINT,219.152,observation_with_box.mp4,6568,NA,
observation,11:54.6,,407.04,Media file(s),player #1:observation_with_box.mp4,0,408.975,29.97,,left-out,,POINT,219.285,observation_with_box.mp4,6572,NA,
observation,11:54.6,,407.04,Media file(s),player #1:observation_with_box.mp4,0,408.975,29.97,,left-out,,POINT,219.452,observation_with_box.mp4,6577,NA,
observation,11:54.6,,407.04,Media file(s),player #1:observation_with_box.mp4,0,408.975,29.97,,right-out,,POINT,219.519,observation_with_box.mp4,6579,NA,
observation,11:54.6,,407.04,Media file(s),player #1:observation_with_box.mp4,0,408.975,29.97,,left-in,,POINT,219.719,observation_with_box.mp4,6585,NA,
observation,11:54.6,,407.04,Media file(s),player #1:observation_with_box.mp4,0,408.975,29.97,,left-in,,POINT,219.886,observation_with_box.mp4,6590,NA,
observation,11:54.6,,407.04,Media file(s),player #1:observation_with_box.mp4,0,408.975,29.97,,right-out,,POINT,219.953,observation_with_box.mp4,6592,NA,
observation,11:54.6,,407.04,Media file(s),player #1:observation_with_box.mp4,0,408.975,29.97,,left-in,,POINT,220.053,observation_with_box.mp4,6595,NA,
observation,11:54.6,,407.04,Media file(s),player #1:observation_with_box.mp4,0,408.975,29.97,,right-out,,POINT,220.086,observation_with_box.mp4,6596,NA,
observation,11:54.6,,407.04,Media file(s),player #1:observation_with_box.mp4,0,408.975,29.97,,right-in,,POINT,220.42,observation_with_box.mp4,6606,NA,
observation,11:54.6,,407.04,Media file(s),player #1:observation_with_box.mp4,0,408.975,29.97,,left-in,,POINT,220.453,observation_with_box.mp4,6607,NA,
observation,11:54.6,,407.04,Media file(s),player #1:observation_with_box.mp4,0,408.975,29.97,,left-in,,POINT,220.587,observation_with_box.mp4,6611,NA,
observation,11:54.6,,407.04,Media file(s),player #1:observation_with_box.mp4,0,408.975,29.97,,left-in,,POINT,220.653,observation_with_box.mp4,6613,NA,
observation,11:54.6,,407.04,Media file(s),player #1:observation_with_box.mp4,0,408.975,29.97,,right-out,,POINT,221.054,observation_with_box.mp4,6625,NA,
observation,11:54.6,,407.04,Media file(s),player #1:observation_with_box.mp4,0,408.975,29.97,,left-out,,POINT,221.087,observation_with_box.mp4,6626,NA,
observation,11:54.6,,407.04,Media file(s),player #1:observation_with_box.mp4,0,408.975,29.97,,left-in,,POINT,221.254,observation_with_box.mp4,6631,NA,
observation,11:54.6,,407.04,Media file(s),player #1:observation_with_box.mp4,0,408.975,29.97,,left-in,,POINT,221.488,observation_with_box.mp4,6638,NA,
observation,11:54.6,,407.04,Media file(s),player #1:observation_with_box.mp4,0,408.975,29.97,,left-out,,POINT,221.621,observation_with_box.mp4,6642,NA,
observation,11:54.6,,407.04,Media file(s),player #1:observation_with_box.mp4,0,408.975,29.97,,left-out,,POINT,221.955,observation_with_box.mp4,6652,NA,
observation,11:54.6,,407.04,Media file(s),player #1:observation_with_box.mp4,0,408.975,29.97,,left-in,,POINT,222.021,observation_with_box.mp4,6654,NA,
observation,11:54.6,,407.04,Media file(s),player #1:observation_with_box.mp4,0,408.975,29.97,,right-in,,POINT,222.188,observation_with_box.mp4,6659,NA,
observation,11:54.6,,407.04,Media file(s),player #1:observation_with_box.mp4,0,408.975,29.97,,left-out,,POINT,222.388,observation_with_box.mp4,6665,NA,
observation,11:54.6,,407.04,Media file(s),player #1:observation_with_box.mp4,0,408.975,29.97,,left-out,,POINT,222.522,observation_with_box.mp4,6669,NA,
observation,11:54.6,,407.04,Media file(s),player #1:observation_with_box.mp4,0,408.975,29.97,,left-in,,POINT,222.655,observation_with_box.mp4,6673,NA,
observation,11:54.6,,407.04,Media file(s),player #1:observation_with_box.mp4,0,408.975,29.97,,right-in,,POINT,222.756,observation_with_box.mp4,6676,NA,
observation,11:54.6,,407.04,Media file(s),player #1:observation_with_box.mp4,0,408.975,29.97,,right-in,,POINT,223.123,observation_with_box.mp4,6687,NA,
observation,11:54.6,,407.04,Media file(s),player #1:observation_with_box.mp4,0,408.975,29.97,,left-out,,POINT,223.156,observation_with_box.mp4,6688,NA,
observation,11:54.6,,407.04,Media file(s),player #1:observation_with_box.mp4,0,408.975,29.97,,left-out,,POINT,223.223,observation_with_box.mp4,6690,NA,
observation,11:54.6,,407.04,Media file(s),player #1:observation_with_box.mp4,0,408.975,29.97,,left-in,,POINT,223.356,observation_with_box.mp4,6694,NA,
observation,11:54.6,,407.04,Media file(s),player #1:observation_with_box.mp4,0,408.975,29.97,,left-in,,POINT,223.99,observation_with_box.mp4,6713,NA,
observation,11:54.6,,407.04,Media file(s),player #1:observation_with_box.mp4,0,408.975,29.97,,left-out,,POINT,224.124,observation_with_box.mp4,6717,NA,
observation,11:54.6,,407.04,Media file(s),player #1:observation_with_box.mp4,0,408.975,29.97,,right-out,,POINT,224.157,observation_with_box.mp4,6718,NA,
observation,11:54.6,,407.04,Media file(s),player #1:observation_with_box.mp4,0,408.975,29.97,,left-in,,POINT,224.524,observation_with_box.mp4,6729,NA,
observation,11:54.6,,407.04,Media file(s),player #1:observation_with_box.mp4,0,408.975,29.97,,left-out,,POINT,224.891,observation_with_box.mp4,6740,NA,
observation,11:54.6,,407.04,Media file(s),player #1:observation_with_box.mp4,0,408.975,29.97,,left-in,,POINT,225.358,observation_with_box.mp4,6754,NA,
observation,11:54.6,,407.04,Media file(s),player #1:observation_with_box.mp4,0,408.975,29.97,,right-out,,POINT,225.525,observation_with_box.mp4,6759,NA,
observation,11:54.6,,407.04,Media file(s),player #1:observation_with_box.mp4,0,408.975,29.97,,left-in,,POINT,225.592,observation_with_box.mp4,6761,NA,
observation,11:54.6,,407.04,Media file(s),player #1:observation_with_box.mp4,0,408.975,29.97,,right-out,,POINT,225.859,observation_with_box.mp4,6769,NA,
observation,11:54.6,,407.04,Media file(s),player #1:observation_with_box.mp4,0,408.975,29.97,,left-out,,POINT,226.025,observation_with_box.mp4,6774,NA,
observation,11:54.6,,407.04,Media file(s),player #1:observation_with_box.mp4,0,408.975,29.97,,right-out,,POINT,226.326,observation_with_box.mp4,6783,NA,
observation,11:54.6,,407.04,Media file(s),player #1:observation_with_box.mp4,0,408.975,29.97,,left-out,,POINT,226.526,observation_with_box.mp4,6789,NA,
observation,11:54.6,,407.04,Media file(s),player #1:observation_with_box.mp4,0,408.975,29.97,,left-out,,POINT,226.593,observation_with_box.mp4,6791,NA,
observation,11:54.6,,407.04,Media file(s),player #1:observation_with_box.mp4,0,408.975,29.97,,left-in,,POINT,226.693,observation_with_box.mp4,6794,NA,
observation,11:54.6,,407.04,Media file(s),player #1:observation_with_box.mp4,0,408.975,29.97,,right-in,,POINT,226.693,observation_with_box.mp4,6794,NA,
observation,11:54.6,,407.04,Media file(s),player #1:observation_with_box.mp4,0,408.975,29.97,,left-out,,POINT,226.793,observation_with_box.mp4,6797,NA,
observation,11:54.6,,407.04,Media file(s),player #1:observation_with_box.mp4,0,408.975,29.97,,left-out,,POINT,226.96,observation_with_box.mp4,6802,NA,
observation,11:54.6,,407.04,Media file(s),player #1:observation_with_box.mp4,0,408.975,29.97,,left-in,,POINT,226.993,observation_with_box.mp4,6803,NA,
observation,11:54.6,,407.04,Media file(s),player #1:observation_with_box.mp4,0,408.975,29.97,,right-in,,POINT,227.06,observation_with_box.mp4,6805,NA,
observation,11:54.6,,407.04,Media file(s),player #1:observation_with_box.mp4,0,408.975,29.97,,left-in,,POINT,227.227,observation_with_box.mp4,6810,NA,
observation,11:54.6,,407.04,Media file(s),player #1:observation_with_box.mp4,0,408.975,29.97,,Bridge,,START,229.095,observation_with_box.mp4,6812,NA,
observation,11:54.6,,407.04,Media file(s),player #1:observation_with_box.mp4,0,408.975,29.97,,right-out,,POINT,227.36,observation_with_box.mp4,6814,NA,
observation,11:54.6,,407.04,Media file(s),player #1:observation_with_box.mp4,0,408.975,29.97,,left-out,,POINT,228.228,observation_with_box.mp4,6840,NA,
observation,11:54.6,,407.04,Media file(s),player #1:observation_with_box.mp4,0,408.975,29.97,,left-in,,POINT,228.461,observation_with_box.mp4,6847,NA,
observation,11:54.6,,407.04,Media file(s),player #1:observation_with_box.mp4,0,408.975,29.97,,left-in,,POINT,228.661,observation_with_box.mp4,6853,NA,
observation,11:54.6,,407.04,Media file(s),player #1:observation_with_box.mp4,0,408.975,29.97,,right-out,,POINT,229.963,observation_with_box.mp4,6892,NA,
observation,11:54.6,,407.04,Media file(s),player #1:observation_with_box.mp4,0,408.975,29.97,,left-out,,POINT,230.196,observation_with_box.mp4,6899,NA,
observation,11:54.6,,407.04,Media file(s),player #1:observation_with_box.mp4,0,408.975,29.97,,left-out,,POINT,230.396,observation_with_box.mp4,6905,NA,
observation,11:54.6,,407.04,Media file(s),player #1:observation_with_box.mp4,0,408.975,29.97,,right-out,,POINT,230.83,observation_with_box.mp4,6918,NA,
observation,11:54.6,,407.04,Media file(s),player #1:observation_with_box.mp4,0,408.975,29.97,,right-out,,POINT,231.197,observation_with_box.mp4,6929,NA,
observation,11:54.6,,407.04,Media file(s),player #1:observation_with_box.mp4,0,408.975,29.97,,left-in,,POINT,231.331,observation_with_box.mp4,6933,NA,
observation,11:54.6,,407.04,Media file(s),player #1:observation_with_box.mp4,0,408.975,29.97,,right-in,,POINT,231.931,observation_with_box.mp4,6951,NA,
observation,11:54.6,,407.04,Media file(s),player #1:observation_with_box.mp4,0,408.975,29.97,,left-in,,POINT,232.732,observation_with_box.mp4,6975,NA,
observation,11:54.6,,407.04,Media file(s),player #1:observation_with_box.mp4,0,408.975,29.97,,left-in,,POINT,232.966,observation_with_box.mp4,6982,NA,
observation,11:54.6,,407.04,Media file(s),player #1:observation_with_box.mp4,0,408.975,29.97,,right-out,,POINT,233.032,observation_with_box.mp4,6984,NA,
observation,11:54.6,,407.04,Media file(s),player #1:observation_with_box.mp4,0,408.975,29.97,,left-in,,POINT,233.099,observation_with_box.mp4,6986,NA,
observation,11:54.6,,407.04,Media file(s),player #1:observation_with_box.mp4,0,408.975,29.97,,left-in,,POINT,233.433,observation_with_box.mp4,6996,NA,
observation,11:54.6,,407.04,Media file(s),player #1:observation_with_box.mp4,0,408.975,29.97,,left-in,,POINT,233.933,observation_with_box.mp4,7011,NA,
observation,11:54.6,,407.04,Media file(s),player #1:observation_with_box.mp4,0,408.975,29.97,,right-out,,POINT,234.434,observation_with_box.mp4,7026,NA,
observation,11:54.6,,407.04,Media file(s),player #1:observation_with_box.mp4,0,408.975,29.97,,left-in,,POINT,234.768,observation_with_box.mp4,7036,NA,
observation,11:54.6,,407.04,Media file(s),player #1:observation_with_box.mp4,0,408.975,29.97,,left-in,,POINT,235.001,observation_with_box.mp4,7043,NA,
observation,11:54.6,,407.04,Media file(s),player #1:observation_with_box.mp4,0,408.975,29.97,,left-in,,POINT,235.335,observation_with_box.mp4,7053,NA,
observation,11:54.6,,407.04,Media file(s),player #1:observation_with_box.mp4,0,408.975,29.97,,right-out,,POINT,235.368,observation_with_box.mp4,7054,NA,
observation,11:54.6,,407.04,Media file(s),player #1:observation_with_box.mp4,0,408.975,29.97,,left-in,,POINT,235.502,observation_with_box.mp4,7058,NA,
observation,11:54.6,,407.04,Media file(s),player #1:observation_with_box.mp4,0,408.975,29.97,,left-in,,POINT,235.969,observation_with_box.mp4,7072,NA,
observation,11:54.6,,407.04,Media file(s),player #1:observation_with_box.mp4,0,408.975,29.97,,left-in,,POINT,236.136,observation_with_box.mp4,7077,NA,
observation,11:54.6,,407.04,Media file(s),player #1:observation_with_box.mp4,0,408.975,29.97,,left-in,,POINT,236.536,observation_with_box.mp4,7089,NA,
observation,11:54.6,,407.04,Media file(s),player #1:observation_with_box.mp4,0,408.975,29.97,,left-in,,POINT,237.17,observation_with_box.mp4,7108,NA,
observation,11:54.6,,407.04,Media file(s),player #1:observation_with_box.mp4,0,408.975,29.97,,left-in,,POINT,237.403,observation_with_box.mp4,7115,NA,
observation,11:54.6,,407.04,Media file(s),player #1:observation_with_box.mp4,0,408.975,29.97,,left-in,,POINT,237.504,observation_with_box.mp4,7118,NA,
observation,11:54.6,,407.04,Media file(s),player #1:observation_with_box.mp4,0,408.975,29.97,,right-out,,POINT,237.504,observation_with_box.mp4,7118,NA,
observation,11:54.6,,407.04,Media file(s),player #1:observation_with_box.mp4,0,408.975,29.97,,left-in,,POINT,237.704,observation_with_box.mp4,7124,NA,
observation,11:54.6,,407.04,Media file(s),player #1:observation_with_box.mp4,0,408.975,29.97,,left-in,,POINT,238.371,observation_with_box.mp4,7144,NA,
observation,11:54.6,,407.04,Media file(s),player #1:observation_with_box.mp4,0,408.975,29.97,,right-out,,POINT,239.139,observation_with_box.mp4,7167,NA,
observation,11:54.6,,407.04,Media file(s),player #1:observation_with_box.mp4,0,408.975,29.97,,right-out,,POINT,239.339,observation_with_box.mp4,7173,NA,
observation,11:54.6,,407.04,Media file(s),player #1:observation_with_box.mp4,0,408.975,29.97,,left-in,,POINT,239.539,observation_with_box.mp4,7179,NA,
observation,11:54.6,,407.04,Media file(s),player #1:observation_with_box.mp4,0,408.975,29.97,,left-in,,POINT,239.672,observation_with_box.mp4,7183,NA,
observation,11:54.6,,407.04,Media file(s),player #1:observation_with_box.mp4,0,408.975,29.97,,left-in,,POINT,239.806,observation_with_box.mp4,7187,NA,
observation,11:54.6,,407.04,Media file(s),player #1:observation_with_box.mp4,0,408.975,29.97,,right-out,,POINT,240.006,observation_with_box.mp4,7193,NA,
observation,11:54.6,,407.04,Media file(s),player #1:observation_with_box.mp4,0,408.975,29.97,,right-out,,POINT,240.14,observation_with_box.mp4,7197,NA,
observation,11:54.6,,407.04,Media file(s),player #1:observation_with_box.mp4,0,408.975,29.97,,left-in,,POINT,240.173,observation_with_box.mp4,7198,NA,
observation,11:54.6,,407.04,Media file(s),player #1:observation_with_box.mp4,0,408.975,29.97,,left-in,,POINT,240.406,observation_with_box.mp4,7205,NA,
observation,11:54.6,,407.04,Media file(s),player #1:observation_with_box.mp4,0,408.975,29.97,,right-out,,POINT,240.607,observation_with_box.mp4,7211,NA,
observation,11:54.6,,407.04,Media file(s),player #1:observation_with_box.mp4,0,408.975,29.97,,right-out,,POINT,240.84,observation_with_box.mp4,7218,NA,
observation,11:54.6,,407.04,Media file(s),player #1:observation_with_box.mp4,0,408.975,29.97,,right-out,,POINT,240.874,observation_with_box.mp4,7219,NA,
observation,11:54.6,,407.04,Media file(s),player #1:observation_with_box.mp4,0,408.975,29.97,,right-out,,POINT,241.107,observation_with_box.mp4,7226,NA,
observation,11:54.6,,407.04,Media file(s),player #1:observation_with_box.mp4,0,408.975,29.97,,right-out,,POINT,241.374,observation_with_box.mp4,7234,NA,
observation,11:54.6,,407.04,Media file(s),player #1:observation_with_box.mp4,0,408.975,29.97,,right-out,,POINT,241.474,observation_with_box.mp4,7237,NA,
observation,11:54.6,,407.04,Media file(s),player #1:observation_with_box.mp4,0,408.975,29.97,,right-out,,POINT,241.674,observation_with_box.mp4,7243,NA,
observation,11:54.6,,407.04,Media file(s),player #1:observation_with_box.mp4,0,408.975,29.97,,left-in,,POINT,241.875,observation_with_box.mp4,7249,NA,
observation,11:54.6,,407.04,Media file(s),player #1:observation_with_box.mp4,0,408.975,29.97,,right-out,,POINT,241.941,observation_with_box.mp4,7251,NA,
observation,11:54.6,,407.04,Media file(s),player #1:observation_with_box.mp4,0,408.975,29.97,,left-out,,POINT,242.075,observation_with_box.mp4,7255,NA,
observation,11:54.6,,407.04,Media file(s),player #1:observation_with_box.mp4,0,408.975,29.97,,left-in,,POINT,242.108,observation_with_box.mp4,7256,NA,
observation,11:54.6,,407.04,Media file(s),player #1:observation_with_box.mp4,0,408.975,29.97,,right-out,,POINT,242.242,observation_with_box.mp4,7260,NA,
observation,11:54.6,,407.04,Media file(s),player #1:observation_with_box.mp4,0,408.975,29.97,,left-out,,POINT,242.342,observation_with_box.mp4,7263,NA,
observation,11:54.6,,407.04,Media file(s),player #1:observation_with_box.mp4,0,408.975,29.97,,right-out,,POINT,242.475,observation_with_box.mp4,7267,NA,
observation,11:54.6,,407.04,Media file(s),player #1:observation_with_box.mp4,0,408.975,29.97,,left-in,,POINT,243.042,observation_with_box.mp4,7284,NA,
observation,11:54.6,,407.04,Media file(s),player #1:observation_with_box.mp4,0,408.975,29.97,,right-out,,POINT,243.443,observation_with_box.mp4,7296,NA,
observation,11:54.6,,407.04,Media file(s),player #1:observation_with_box.mp4,0,408.975,29.97,,left-in,,POINT,243.61,observation_with_box.mp4,7301,NA,
observation,11:54.6,,407.04,Media file(s),player #1:observation_with_box.mp4,0,408.975,29.97,,left-in,,POINT,244.444,observation_with_box.mp4,7326,NA,
observation,11:54.6,,407.04,Media file(s),player #1:observation_with_box.mp4,0,408.975,29.97,,right-out,,POINT,244.544,observation_with_box.mp4,7329,NA,
observation,11:54.6,,407.04,Media file(s),player #1:observation_with_box.mp4,0,408.975,29.97,,left-in,,POINT,244.744,observation_with_box.mp4,7335,NA,
observation,11:54.6,,407.04,Media file(s),player #1:observation_with_box.mp4,0,408.975,29.97,,right-out,,POINT,244.944,observation_with_box.mp4,7341,NA,
observation,11:54.6,,407.04,Media file(s),player #1:observation_with_box.mp4,0,408.975,29.97,,left-in,,POINT,245.378,observation_with_box.mp4,7354,NA,
observation,11:54.6,,407.04,Media file(s),player #1:observation_with_box.mp4,0,408.975,29.97,,left-in,,POINT,245.945,observation_with_box.mp4,7371,NA,
observation,11:54.6,,407.04,Media file(s),player #1:observation_with_box.mp4,0,408.975,29.97,,left-in,,POINT,246.179,observation_with_box.mp4,7378,NA,
observation,11:54.6,,407.04,Media file(s),player #1:observation_with_box.mp4,0,408.975,29.97,,right-in,,POINT,246.346,observation_with_box.mp4,7383,NA,
observation,11:54.6,,407.04,Media file(s),player #1:observation_with_box.mp4,0,408.975,29.97,,left-in,,POINT,246.479,observation_with_box.mp4,7387,NA,
observation,11:54.6,,407.04,Media file(s),player #1:observation_with_box.mp4,0,408.975,29.97,,right-out,,POINT,246.713,observation_with_box.mp4,7394,NA,
observation,11:54.6,,407.04,Media file(s),player #1:observation_with_box.mp4,0,408.975,29.97,,right-out,,POINT,247.213,observation_with_box.mp4,7409,NA,
observation,11:54.6,,407.04,Media file(s),player #1:observation_with_box.mp4,0,408.975,29.97,,right-out,,POINT,247.547,observation_with_box.mp4,7419,NA,
observation,11:54.6,,407.04,Media file(s),player #1:observation_with_box.mp4,0,408.975,29.97,,right-out,,POINT,247.781,observation_with_box.mp4,7426,NA,
observation,11:54.6,,407.04,Media file(s),player #1:observation_with_box.mp4,0,408.975,29.97,,right-out,,POINT,248.014,observation_with_box.mp4,7433,NA,
observation,11:54.6,,407.04,Media file(s),player #1:observation_with_box.mp4,0,408.975,29.97,,right-out,,POINT,248.815,observation_with_box.mp4,7457,NA,
observation,11:54.6,,407.04,Media file(s),player #1:observation_with_box.mp4,0,408.975,29.97,,left-in,,POINT,249.115,observation_with_box.mp4,7466,NA,
observation,11:54.6,,407.04,Media file(s),player #1:observation_with_box.mp4,0,408.975,29.97,,left-in,,POINT,249.415,observation_with_box.mp4,7475,NA,
observation,11:54.6,,407.04,Media file(s),player #1:observation_with_box.mp4,0,408.975,29.97,,left-in,,POINT,249.816,observation_with_box.mp4,7487,NA,
observation,11:54.6,,407.04,Media file(s),player #1:observation_with_box.mp4,0,408.975,29.97,,right-out,,POINT,249.849,observation_with_box.mp4,7488,NA,
observation,11:54.6,,407.04,Media file(s),player #1:observation_with_box.mp4,0,408.975,29.97,,left-in,,POINT,250.016,observation_with_box.mp4,7493,NA,
observation,11:54.6,,407.04,Media file(s),player #1:observation_with_box.mp4,0,408.975,29.97,,left-in,,POINT,250.283,observation_with_box.mp4,7501,NA,
observation,11:54.6,,407.04,Media file(s),player #1:observation_with_box.mp4,0,408.975,29.97,,left-out,,POINT,250.95,observation_with_box.mp4,7521,NA,
observation,11:54.6,,407.04,Media file(s),player #1:observation_with_box.mp4,0,408.975,29.97,,right-out,,POINT,251.05,observation_with_box.mp4,7524,NA,
observation,11:54.6,,407.04,Media file(s),player #1:observation_with_box.mp4,0,408.975,29.97,,right-out,,POINT,251.317,observation_with_box.mp4,7532,NA,
observation,11:54.6,,407.04,Media file(s),player #1:observation_with_box.mp4,0,408.975,29.97,,right-out,,POINT,251.484,observation_with_box.mp4,7537,NA,
observation,11:54.6,,407.04,Media file(s),player #1:observation_with_box.mp4,0,408.975,29.97,,right-in,,POINT,251.951,observation_with_box.mp4,7551,NA,
observation,11:54.6,,407.04,Media file(s),player #1:observation_with_box.mp4,0,408.975,29.97,,left-in,,POINT,252.318,observation_with_box.mp4,7562,NA,
observation,11:54.6,,407.04,Media file(s),player #1:observation_with_box.mp4,0,408.975,29.97,,left-in,,POINT,252.485,observation_with_box.mp4,7567,NA,
observation,11:54.6,,407.04,Media file(s),player #1:observation_with_box.mp4,0,408.975,29.97,,left-in,,POINT,252.819,observation_with_box.mp4,7577,NA,
observation,11:54.6,,407.04,Media file(s),player #1:observation_with_box.mp4,0,408.975,29.97,,right-out,,POINT,252.986,observation_with_box.mp4,7582,NA,
observation,11:54.6,,407.04,Media file(s),player #1:observation_with_box.mp4,0,408.975,29.97,,left-in,,POINT,253.052,observation_with_box.mp4,7584,NA,
observation,11:54.6,,407.04,Media file(s),player #1:observation_with_box.mp4,0,408.975,29.97,,right-out,,POINT,253.286,observation_with_box.mp4,7591,NA,
observation,11:54.6,,407.04,Media file(s),player #1:observation_with_box.mp4,0,408.975,29.97,,left-in,,POINT,253.953,observation_with_box.mp4,7611,NA,
observation,11:54.6,,407.04,Media file(s),player #1:observation_with_box.mp4,0,408.975,29.97,,right-out,,POINT,254.454,observation_with_box.mp4,7626,NA,
observation,11:54.6,,407.04,Media file(s),player #1:observation_with_box.mp4,0,408.975,29.97,,left-out,,POINT,254.554,observation_with_box.mp4,7629,NA,
observation,11:54.6,,407.04,Media file(s),player #1:observation_with_box.mp4,0,408.975,29.97,,left-in,,POINT,254.921,observation_with_box.mp4,7640,NA,
observation,11:54.6,,407.04,Media file(s),player #1:observation_with_box.mp4,0,408.975,29.97,,right-out,,POINT,255.088,observation_with_box.mp4,7645,NA,
observation,11:54.6,,407.04,Media file(s),player #1:observation_with_box.mp4,0,408.975,29.97,,left-in,,POINT,255.121,observation_with_box.mp4,7646,NA,
observation,11:54.6,,407.04,Media file(s),player #1:observation_with_box.mp4,0,408.975,29.97,,right-out,,POINT,255.221,observation_with_box.mp4,7649,NA,
observation,11:54.6,,407.04,Media file(s),player #1:observation_with_box.mp4,0,408.975,29.97,,right-out,,POINT,255.822,observation_with_box.mp4,7667,NA,
observation,11:54.6,,407.04,Media file(s),player #1:observation_with_box.mp4,0,408.975,29.97,,right-out,,POINT,256.022,observation_with_box.mp4,7673,NA,
observation,11:54.6,,407.04,Media file(s),player #1:observation_with_box.mp4,0,408.975,29.97,,left-in,,POINT,256.389,observation_with_box.mp4,7684,NA,
observation,11:54.6,,407.04,Media file(s),player #1:observation_with_box.mp4,0,408.975,29.97,,left-in,,POINT,256.456,observation_with_box.mp4,7686,NA,
observation,11:54.6,,407.04,Media file(s),player #1:observation_with_box.mp4,0,408.975,29.97,,right-out,,POINT,256.556,observation_with_box.mp4,7689,NA,
observation,11:54.6,,407.04,Media file(s),player #1:observation_with_box.mp4,0,408.975,29.97,,right-in,,POINT,256.756,observation_with_box.mp4,7695,NA,
observation,11:54.6,,407.04,Media file(s),player #1:observation_with_box.mp4,0,408.975,29.97,,left-out,,POINT,256.89,observation_with_box.mp4,7699,NA,
observation,11:54.6,,407.04,Media file(s),player #1:observation_with_box.mp4,0,408.975,29.97,,right-out,,POINT,257.223,observation_with_box.mp4,7709,NA,
observation,11:54.6,,407.04,Media file(s),player #1:observation_with_box.mp4,0,408.975,29.97,,left-in,,POINT,257.423,observation_with_box.mp4,7715,NA,
observation,11:54.6,,407.04,Media file(s),player #1:observation_with_box.mp4,0,408.975,29.97,,right-out,,POINT,257.791,observation_with_box.mp4,7726,NA,
observation,11:54.6,,407.04,Media file(s),player #1:observation_with_box.mp4,0,408.975,29.97,,right-out,,POINT,258.424,observation_with_box.mp4,7745,NA,
observation,11:54.6,,407.04,Media file(s),player #1:observation_with_box.mp4,0,408.975,29.97,,right-in,,POINT,258.591,observation_with_box.mp4,7750,NA,
observation,11:54.6,,407.04,Media file(s),player #1:observation_with_box.mp4,0,408.975,29.97,,right-out,,POINT,259.025,observation_with_box.mp4,7763,NA,
observation,11:54.6,,407.04,Media file(s),player #1:observation_with_box.mp4,0,408.975,29.97,,left-in,,POINT,259.058,observation_with_box.mp4,7764,NA,
observation,11:54.6,,407.04,Media file(s),player #1:observation_with_box.mp4,0,408.975,29.97,,left-in,,POINT,259.492,observation_with_box.mp4,7777,NA,
observation,11:54.6,,407.04,Media file(s),player #1:observation_with_box.mp4,0,408.975,29.97,,right-out,,POINT,259.726,observation_with_box.mp4,7784,NA,
observation,11:54.6,,407.04,Media file(s),player #1:observation_with_box.mp4,0,408.975,29.97,,left-out,,POINT,259.759,observation_with_box.mp4,7785,NA,
observation,11:54.6,,407.04,Media file(s),player #1:observation_with_box.mp4,0,408.975,29.97,,left-in,,POINT,260.26,observation_with_box.mp4,7800,NA,
observation,11:54.6,,407.04,Media file(s),player #1:observation_with_box.mp4,0,408.975,29.97,,right-out,,POINT,260.493,observation_with_box.mp4,7807,NA,
observation,11:54.6,,407.04,Media file(s),player #1:observation_with_box.mp4,0,408.975,29.97,,left-out,,POINT,261.127,observation_with_box.mp4,7826,NA,
observation,11:54.6,,407.04,Media file(s),player #1:observation_with_box.mp4,0,408.975,29.97,,right-in,,POINT,261.261,observation_with_box.mp4,7830,NA,
observation,11:54.6,,407.04,Media file(s),player #1:observation_with_box.mp4,0,408.975,29.97,,right-out,,POINT,261.628,observation_with_box.mp4,7841,NA,
observation,11:54.6,,407.04,Media file(s),player #1:observation_with_box.mp4,0,408.975,29.97,,left-in,,POINT,261.895,observation_with_box.mp4,7849,NA,
observation,11:54.6,,407.04,Media file(s),player #1:observation_with_box.mp4,0,408.975,29.97,,left-out,,POINT,262.395,observation_with_box.mp4,7864,NA,
observation,11:54.6,,407.04,Media file(s),player #1:observation_with_box.mp4,0,408.975,29.97,,right-out,,POINT,262.762,observation_with_box.mp4,7875,NA,
observation,11:54.6,,407.04,Media file(s),player #1:observation_with_box.mp4,0,408.975,29.97,,left-in,,POINT,263.83,observation_with_box.mp4,7907,NA,
observation,11:54.6,,407.04,Media file(s),player #1:observation_with_box.mp4,0,408.975,29.97,,left-in,,POINT,263.997,observation_with_box.mp4,7912,NA,
observation,11:54.6,,407.04,Media file(s),player #1:observation_with_box.mp4,0,408.975,29.97,,left-in,,POINT,264.197,observation_with_box.mp4,7918,NA,
observation,11:54.6,,407.04,Media file(s),player #1:observation_with_box.mp4,0,408.975,29.97,,left-in,,POINT,264.664,observation_with_box.mp4,7932,NA,
observation,11:54.6,,407.04,Media file(s),player #1:observation_with_box.mp4,0,408.975,29.97,,right-out,,POINT,264.664,observation_with_box.mp4,7932,NA,
observation,11:54.6,,407.04,Media file(s),player #1:observation_with_box.mp4,0,408.975,29.97,,left-out,,POINT,264.697,observation_with_box.mp4,7933,NA,
observation,11:54.6,,407.04,Media file(s),player #1:observation_with_box.mp4,0,408.975,29.97,,left-in,,POINT,264.731,observation_with_box.mp4,7934,NA,
observation,11:54.6,,407.04,Media file(s),player #1:observation_with_box.mp4,0,408.975,29.97,,right-in,,POINT,265.064,observation_with_box.mp4,7944,NA,
observation,11:54.6,,407.04,Media file(s),player #1:observation_with_box.mp4,0,408.975,29.97,,right-in,,POINT,265.131,observation_with_box.mp4,7946,NA,
observation,11:54.6,,407.04,Media file(s),player #1:observation_with_box.mp4,0,408.975,29.97,,left-in,,POINT,265.198,observation_with_box.mp4,7948,NA,
observation,11:54.6,,407.04,Media file(s),player #1:observation_with_box.mp4,0,408.975,29.97,,right-out,,POINT,265.365,observation_with_box.mp4,7953,NA,
observation,11:54.6,,407.04,Media file(s),player #1:observation_with_box.mp4,0,408.975,29.97,,left-in,,POINT,265.398,observation_with_box.mp4,7954,NA,
observation,11:54.6,,407.04,Media file(s),player #1:observation_with_box.mp4,0,408.975,29.97,,left-in,,POINT,265.565,observation_with_box.mp4,7959,NA,
observation,11:54.6,,407.04,Media file(s),player #1:observation_with_box.mp4,0,408.975,29.97,,right-out,,POINT,265.632,observation_with_box.mp4,7961,NA,
observation,11:54.6,,407.04,Media file(s),player #1:observation_with_box.mp4,0,408.975,29.97,,left-in,,POINT,265.965,observation_with_box.mp4,7971,NA,
observation,11:54.6,,407.04,Media file(s),player #1:observation_with_box.mp4,0,408.975,29.97,,right-in,,POINT,265.999,observation_with_box.mp4,7972,NA,
observation,11:54.6,,407.04,Media file(s),player #1:observation_with_box.mp4,0,408.975,29.97,,left-out,,POINT,266.065,observation_with_box.mp4,7974,NA,
observation,11:54.6,,407.04,Media file(s),player #1:observation_with_box.mp4,0,408.975,29.97,,right-out,,POINT,266.199,observation_with_box.mp4,7978,NA,
observation,11:54.6,,407.04,Media file(s),player #1:observation_with_box.mp4,0,408.975,29.97,,left-in,,POINT,266.266,observation_with_box.mp4,7980,NA,
observation,11:54.6,,407.04,Media file(s),player #1:observation_with_box.mp4,0,408.975,29.97,,right-out,,POINT,266.432,observation_with_box.mp4,7985,NA,
observation,11:54.6,,407.04,Media file(s),player #1:observation_with_box.mp4,0,408.975,29.97,,left-in,,POINT,266.499,observation_with_box.mp4,7987,NA,
observation,11:54.6,,407.04,Media file(s),player #1:observation_with_box.mp4,0,408.975,29.97,,left-in,,POINT,266.666,observation_with_box.mp4,7992,NA,
observation,11:54.6,,407.04,Media file(s),player #1:observation_with_box.mp4,0,408.975,29.97,,right-in,,POINT,266.699,observation_with_box.mp4,7993,NA,
observation,11:54.6,,407.04,Media file(s),player #1:observation_with_box.mp4,0,408.975,29.97,,left-in,,POINT,266.833,observation_with_box.mp4,7997,NA,
observation,11:54.6,,407.04,Media file(s),player #1:observation_with_box.mp4,0,408.975,29.97,,right-out,,POINT,266.866,observation_with_box.mp4,7998,NA,
observation,11:54.6,,407.04,Media file(s),player #1:observation_with_box.mp4,0,408.975,29.97,,left-in,,POINT,267,observation_with_box.mp4,8002,NA,
observation,11:54.6,,407.04,Media file(s),player #1:observation_with_box.mp4,0,408.975,29.97,,left-in,,POINT,267.367,observation_with_box.mp4,8013,NA,
observation,11:54.6,,407.04,Media file(s),player #1:observation_with_box.mp4,0,408.975,29.97,,right-out,,POINT,267.433,observation_with_box.mp4,8015,NA,
observation,11:54.6,,407.04,Media file(s),player #1:observation_with_box.mp4,0,408.975,29.97,,left-in,,POINT,267.6,observation_with_box.mp4,8020,NA,
observation,11:54.6,,407.04,Media file(s),player #1:observation_with_box.mp4,0,408.975,29.97,,right-out,,POINT,267.734,observation_with_box.mp4,8024,NA,
observation,11:54.6,,407.04,Media file(s),player #1:observation_with_box.mp4,0,408.975,29.97,,right-out,,POINT,267.934,observation_with_box.mp4,8030,NA,
observation,11:54.6,,407.04,Media file(s),player #1:observation_with_box.mp4,0,408.975,29.97,,left-in,,POINT,268.034,observation_with_box.mp4,8033,NA,
observation,11:54.6,,407.04,Media file(s),player #1:observation_with_box.mp4,0,408.975,29.97,,right-out,,POINT,268.201,observation_with_box.mp4,8038,NA,
observation,11:54.6,,407.04,Media file(s),player #1:observation_with_box.mp4,0,408.975,29.97,,left-in,,POINT,268.268,observation_with_box.mp4,8040,NA,
observation,11:54.6,,407.04,Media file(s),player #1:observation_with_box.mp4,0,408.975,29.97,,right-out,,POINT,268.401,observation_with_box.mp4,8044,NA,
observation,11:54.6,,407.04,Media file(s),player #1:observation_with_box.mp4,0,408.975,29.97,,left-in,,POINT,268.535,observation_with_box.mp4,8048,NA,
observation,11:54.6,,407.04,Media file(s),player #1:observation_with_box.mp4,0,408.975,29.97,,right-out,,POINT,268.635,observation_with_box.mp4,8051,NA,
observation,11:54.6,,407.04,Media file(s),player #1:observation_with_box.mp4,0,408.975,29.97,,left-out,,POINT,268.735,observation_with_box.mp4,8054,NA,
observation,11:54.6,,407.04,Media file(s),player #1:observation_with_box.mp4,0,408.975,29.97,,left-in,,POINT,268.868,observation_with_box.mp4,8058,NA,
observation,11:54.6,,407.04,Media file(s),player #1:observation_with_box.mp4,0,408.975,29.97,,left-in,,POINT,268.935,observation_with_box.mp4,8060,NA,
observation,11:54.6,,407.04,Media file(s),player #1:observation_with_box.mp4,0,408.975,29.97,,right-out,,POINT,268.968,observation_with_box.mp4,8061,NA,
observation,11:54.6,,407.04,Media file(s),player #1:observation_with_box.mp4,0,408.975,29.97,,left-in,,POINT,269.068,observation_with_box.mp4,8064,NA,
observation,11:54.6,,407.04,Media file(s),player #1:observation_with_box.mp4,0,408.975,29.97,,right-out,,POINT,269.102,observation_with_box.mp4,8065,NA,
observation,11:54.6,,407.04,Media file(s),player #1:observation_with_box.mp4,0,408.975,29.97,,right-out,,POINT,269.269,observation_with_box.mp4,8070,NA,
observation,11:54.6,,407.04,Media file(s),player #1:observation_with_box.mp4,0,408.975,29.97,,right-out,,POINT,269.435,observation_with_box.mp4,8075,NA,
observation,11:54.6,,407.04,Media file(s),player #1:observation_with_box.mp4,0,408.975,29.97,,left-in,,POINT,269.469,observation_with_box.mp4,8076,NA,
observation,11:54.6,,407.04,Media file(s),player #1:observation_with_box.mp4,0,408.975,29.97,,right-out,,POINT,269.569,observation_with_box.mp4,8079,NA,
observation,11:54.6,,407.04,Media file(s),player #1:observation_with_box.mp4,0,408.975,29.97,,left-in,,POINT,269.669,observation_with_box.mp4,8082,NA,
observation,11:54.6,,407.04,Media file(s),player #1:observation_with_box.mp4,0,408.975,29.97,,right-out,,POINT,270.103,observation_with_box.mp4,8095,NA,
observation,11:54.6,,407.04,Media file(s),player #1:observation_with_box.mp4,0,408.975,29.97,,left-in,,POINT,270.303,observation_with_box.mp4,8101,NA,
observation,11:54.6,,407.04,Media file(s),player #1:observation_with_box.mp4,0,408.975,29.97,,left-in,,POINT,270.403,observation_with_box.mp4,8104,NA,
observation,11:54.6,,407.04,Media file(s),player #1:observation_with_box.mp4,0,408.975,29.97,,right-out,,POINT,270.436,observation_with_box.mp4,8105,NA,
observation,11:54.6,,407.04,Media file(s),player #1:observation_with_box.mp4,0,408.975,29.97,,right-out,,POINT,270.87,observation_with_box.mp4,8118,NA,
observation,11:54.6,,407.04,Media file(s),player #1:observation_with_box.mp4,0,408.975,29.97,,left-out,,POINT,271.104,observation_with_box.mp4,8125,NA,
observation,11:54.6,,407.04,Media file(s),player #1:observation_with_box.mp4,0,408.975,29.97,,right-out,,POINT,271.104,observation_with_box.mp4,8125,NA,
observation,11:54.6,,407.04,Media file(s),player #1:observation_with_box.mp4,0,408.975,29.97,,left-in,,POINT,271.204,observation_with_box.mp4,8128,NA,
observation,11:54.6,,407.04,Media file(s),player #1:observation_with_box.mp4,0,408.975,29.97,,left-in,,POINT,271.304,observation_with_box.mp4,8131,NA,
observation,11:54.6,,407.04,Media file(s),player #1:observation_with_box.mp4,0,408.975,29.97,,right-out,,POINT,271.504,observation_with_box.mp4,8137,NA,
observation,11:54.6,,407.04,Media file(s),player #1:observation_with_box.mp4,0,408.975,29.97,,right-out,,POINT,271.671,observation_with_box.mp4,8142,NA,
observation,11:54.6,,407.04,Media file(s),player #1:observation_with_box.mp4,0,408.975,29.97,,right-out,,POINT,271.805,observation_with_box.mp4,8146,NA,
observation,11:54.6,,407.04,Media file(s),player #1:observation_with_box.mp4,0,408.975,29.97,,left-in,,POINT,271.871,observation_with_box.mp4,8148,NA,
observation,11:54.6,,407.04,Media file(s),player #1:observation_with_box.mp4,0,408.975,29.97,,right-out,,POINT,272.205,observation_with_box.mp4,8158,NA,
observation,11:54.6,,407.04,Media file(s),player #1:observation_with_box.mp4,0,408.975,29.97,,left-in,,POINT,272.238,observation_with_box.mp4,8159,NA,
observation,11:54.6,,407.04,Media file(s),player #1:observation_with_box.mp4,0,408.975,29.97,,right-out,,POINT,272.272,observation_with_box.mp4,8160,NA,
observation,11:54.6,,407.04,Media file(s),player #1:observation_with_box.mp4,0,408.975,29.97,,left-out,,POINT,272.372,observation_with_box.mp4,8163,NA,
observation,11:54.6,,407.04,Media file(s),player #1:observation_with_box.mp4,0,408.975,29.97,,left-in,,POINT,272.405,observation_with_box.mp4,8164,NA,
observation,11:54.6,,407.04,Media file(s),player #1:observation_with_box.mp4,0,408.975,29.97,,right-out,,POINT,272.405,observation_with_box.mp4,8164,NA,
observation,11:54.6,,407.04,Media file(s),player #1:observation_with_box.mp4,0,408.975,29.97,,left-in,,POINT,272.505,observation_with_box.mp4,8167,NA,
observation,11:54.6,,407.04,Media file(s),player #1:observation_with_box.mp4,0,408.975,29.97,,left-in,,POINT,272.639,observation_with_box.mp4,8171,NA,
observation,11:54.6,,407.04,Media file(s),player #1:observation_with_box.mp4,0,408.975,29.97,,right-out,,POINT,272.772,observation_with_box.mp4,8175,NA,
observation,11:54.6,,407.04,Media file(s),player #1:observation_with_box.mp4,0,408.975,29.97,,left-in,,POINT,273.206,observation_with_box.mp4,8188,NA,
observation,11:54.6,,407.04,Media file(s),player #1:observation_with_box.mp4,0,408.975,29.97,,right-out,,POINT,273.273,observation_with_box.mp4,8190,NA,
observation,11:54.6,,407.04,Media file(s),player #1:observation_with_box.mp4,0,408.975,29.97,,left-in,,POINT,273.406,observation_with_box.mp4,8194,NA,
observation,11:54.6,,407.04,Media file(s),player #1:observation_with_box.mp4,0,408.975,29.97,,left-in,,POINT,273.573,observation_with_box.mp4,8199,NA,
observation,11:54.6,,407.04,Media file(s),player #1:observation_with_box.mp4,0,408.975,29.97,,right-out,,POINT,273.64,observation_with_box.mp4,8201,NA,
observation,11:54.6,,407.04,Media file(s),player #1:observation_with_box.mp4,0,408.975,29.97,,right-out,,POINT,273.773,observation_with_box.mp4,8205,NA,
observation,11:54.6,,407.04,Media file(s),player #1:observation_with_box.mp4,0,408.975,29.97,,left-in,,POINT,273.907,observation_with_box.mp4,8209,NA,
observation,11:54.6,,407.04,Media file(s),player #1:observation_with_box.mp4,0,408.975,29.97,,left-in,,POINT,274.073,observation_with_box.mp4,8214,NA,
observation,11:54.6,,407.04,Media file(s),player #1:observation_with_box.mp4,0,408.975,29.97,,right-out,,POINT,274.107,observation_with_box.mp4,8215,NA,
observation,11:54.6,,407.04,Media file(s),player #1:observation_with_box.mp4,0,408.975,29.97,,left-in,,POINT,274.24,observation_with_box.mp4,8219,NA,
observation,11:54.6,,407.04,Media file(s),player #1:observation_with_box.mp4,0,408.975,29.97,,left-in,,POINT,274.374,observation_with_box.mp4,8223,NA,
observation,11:54.6,,407.04,Media file(s),player #1:observation_with_box.mp4,0,408.975,29.97,,right-out,,POINT,274.407,observation_with_box.mp4,8224,NA,
observation,11:54.6,,407.04,Media file(s),player #1:observation_with_box.mp4,0,408.975,29.97,,left-in,,POINT,274.541,observation_with_box.mp4,8228,NA,
observation,11:54.6,,407.04,Media file(s),player #1:observation_with_box.mp4,0,408.975,29.97,,left-in,,POINT,274.707,observation_with_box.mp4,8233,NA,
observation,11:54.6,,407.04,Media file(s),player #1:observation_with_box.mp4,0,408.975,29.97,,left-in,,POINT,274.808,observation_with_box.mp4,8236,NA,
observation,11:54.6,,407.04,Media file(s),player #1:observation_with_box.mp4,0,408.975,29.97,,left-out,,POINT,274.874,observation_with_box.mp4,8238,NA,
observation,11:54.6,,407.04,Media file(s),player #1:observation_with_box.mp4,0,408.975,29.97,,left-in,,POINT,275.041,observation_with_box.mp4,8243,NA,
observation,11:54.6,,407.04,Media file(s),player #1:observation_with_box.mp4,0,408.975,29.97,,right-out,,POINT,275.141,observation_with_box.mp4,8246,NA,
observation,11:54.6,,407.04,Media file(s),player #1:observation_with_box.mp4,0,408.975,29.97,,left-out,,POINT,275.208,observation_with_box.mp4,8248,NA,
observation,11:54.6,,407.04,Media file(s),player #1:observation_with_box.mp4,0,408.975,29.97,,right-in,,POINT,275.341,observation_with_box.mp4,8252,NA,
observation,11:54.6,,407.04,Media file(s),player #1:observation_with_box.mp4,0,408.975,29.97,,left-in,,POINT,275.508,observation_with_box.mp4,8257,NA,
observation,11:54.6,,407.04,Media file(s),player #1:observation_with_box.mp4,0,408.975,29.97,,right-out,,POINT,275.542,observation_with_box.mp4,8258,NA,
observation,11:54.6,,407.04,Media file(s),player #1:observation_with_box.mp4,0,408.975,29.97,,right-out,,POINT,275.809,observation_with_box.mp4,8266,NA,
observation,11:54.6,,407.04,Media file(s),player #1:observation_with_box.mp4,0,408.975,29.97,,right-out,,POINT,276.042,observation_with_box.mp4,8273,NA,
observation,11:54.6,,407.04,Media file(s),player #1:observation_with_box.mp4,0,408.975,29.97,,left-in,,POINT,276.142,observation_with_box.mp4,8276,NA,
observation,11:54.6,,407.04,Media file(s),player #1:observation_with_box.mp4,0,408.975,29.97,,left-in,,POINT,276.176,observation_with_box.mp4,8277,NA,
observation,11:54.6,,407.04,Media file(s),player #1:observation_with_box.mp4,0,408.975,29.97,,right-out,,POINT,276.242,observation_with_box.mp4,8279,NA,
observation,11:54.6,,407.04,Media file(s),player #1:observation_with_box.mp4,0,408.975,29.97,,left-in,,POINT,276.276,observation_with_box.mp4,8280,NA,
observation,11:54.6,,407.04,Media file(s),player #1:observation_with_box.mp4,0,408.975,29.97,,right-out,,POINT,276.543,observation_with_box.mp4,8288,NA,
observation,11:54.6,,407.04,Media file(s),player #1:observation_with_box.mp4,0,408.975,29.97,,left-in,,POINT,276.943,observation_with_box.mp4,8300,NA,
observation,11:54.6,,407.04,Media file(s),player #1:observation_with_box.mp4,0,408.975,29.97,,left-in,,POINT,277.043,observation_with_box.mp4,8303,NA,
observation,11:54.6,,407.04,Media file(s),player #1:observation_with_box.mp4,0,408.975,29.97,,right-out,,POINT,277.477,observation_with_box.mp4,8316,NA,
observation,11:54.6,,407.04,Media file(s),player #1:observation_with_box.mp4,0,408.975,29.97,,left-in,,POINT,277.544,observation_with_box.mp4,8318,NA,
observation,11:54.6,,407.04,Media file(s),player #1:observation_with_box.mp4,0,408.975,29.97,,right-out,,POINT,277.644,observation_with_box.mp4,8321,NA,
observation,11:54.6,,407.04,Media file(s),player #1:observation_with_box.mp4,0,408.975,29.97,,left-in,,POINT,277.71,observation_with_box.mp4,8323,NA,
observation,11:54.6,,407.04,Media file(s),player #1:observation_with_box.mp4,0,408.975,29.97,,right-out,,POINT,277.744,observation_with_box.mp4,8324,NA,
observation,11:54.6,,407.04,Media file(s),player #1:observation_with_box.mp4,0,408.975,29.97,,right-out,,POINT,277.911,observation_with_box.mp4,8329,NA,
observation,11:54.6,,407.04,Media file(s),player #1:observation_with_box.mp4,0,408.975,29.97,,left-out,,POINT,278.044,observation_with_box.mp4,8333,NA,
observation,11:54.6,,407.04,Media file(s),player #1:observation_with_box.mp4,0,408.975,29.97,,right-out,,POINT,278.077,observation_with_box.mp4,8334,NA,
observation,11:54.6,,407.04,Media file(s),player #1:observation_with_box.mp4,0,408.975,29.97,,right-out,,POINT,278.444,observation_with_box.mp4,8345,NA,
observation,11:54.6,,407.04,Media file(s),player #1:observation_with_box.mp4,0,408.975,29.97,,right-out,,POINT,278.645,observation_with_box.mp4,8351,NA,
observation,11:54.6,,407.04,Media file(s),player #1:observation_with_box.mp4,0,408.975,29.97,,right-out,,POINT,278.878,observation_with_box.mp4,8358,NA,
observation,11:54.6,,407.04,Media file(s),player #1:observation_with_box.mp4,0,408.975,29.97,,right-out,,POINT,278.945,observation_with_box.mp4,8360,NA,
observation,11:54.6,,407.04,Media file(s),player #1:observation_with_box.mp4,0,408.975,29.97,,right-in,,POINT,279.245,observation_with_box.mp4,8369,NA,
observation,11:54.6,,407.04,Media file(s),player #1:observation_with_box.mp4,0,408.975,29.97,,left-in,,POINT,279.412,observation_with_box.mp4,8374,NA,
observation,11:54.6,,407.04,Media file(s),player #1:observation_with_box.mp4,0,408.975,29.97,,right-out,,POINT,279.445,observation_with_box.mp4,8375,NA,
observation,11:54.6,,407.04,Media file(s),player #1:observation_with_box.mp4,0,408.975,29.97,,left-in,,POINT,279.479,observation_with_box.mp4,8376,NA,
observation,11:54.6,,407.04,Media file(s),player #1:observation_with_box.mp4,0,408.975,29.97,,left-in,,POINT,279.946,observation_with_box.mp4,8390,NA,
observation,11:54.6,,407.04,Media file(s),player #1:observation_with_box.mp4,0,408.975,29.97,,right-out,,POINT,279.946,observation_with_box.mp4,8390,NA,
observation,11:54.6,,407.04,Media file(s),player #1:observation_with_box.mp4,0,408.975,29.97,,right-out,,POINT,280.446,observation_with_box.mp4,8405,NA,
observation,11:54.6,,407.04,Media file(s),player #1:observation_with_box.mp4,0,408.975,29.97,,left-out,,POINT,281.281,observation_with_box.mp4,8430,NA,
observation,11:54.6,,407.04,Media file(s),player #1:observation_with_box.mp4,0,408.975,29.97,,right-out,,POINT,281.314,observation_with_box.mp4,8431,NA,
observation,11:54.6,,407.04,Media file(s),player #1:observation_with_box.mp4,0,408.975,29.97,,right-out,,POINT,281.614,observation_with_box.mp4,8440,NA,
observation,11:54.6,,407.04,Media file(s),player #1:observation_with_box.mp4,0,408.975,29.97,,left-in,,POINT,281.648,observation_with_box.mp4,8441,NA,
observation,11:54.6,,407.04,Media file(s),player #1:observation_with_box.mp4,0,408.975,29.97,,left-out,,POINT,282.448,observation_with_box.mp4,8465,NA,
observation,11:54.6,,407.04,Media file(s),player #1:observation_with_box.mp4,0,408.975,29.97,,left-in,,POINT,282.682,observation_with_box.mp4,8472,NA,
observation,11:54.6,,407.04,Media file(s),player #1:observation_with_box.mp4,0,408.975,29.97,,left-in,,POINT,283.249,observation_with_box.mp4,8489,NA,
observation,11:54.6,,407.04,Media file(s),player #1:observation_with_box.mp4,0,408.975,29.97,,left-in,,POINT,283.516,observation_with_box.mp4,8497,NA,
observation,11:54.6,,407.04,Media file(s),player #1:observation_with_box.mp4,0,408.975,29.97,,right-out,,POINT,284.117,observation_with_box.mp4,8515,NA,
observation,11:54.6,,407.04,Media file(s),player #1:observation_with_box.mp4,0,408.975,29.97,,right-out,,POINT,284.284,observation_with_box.mp4,8520,NA,
observation,11:54.6,,407.04,Media file(s),player #1:observation_with_box.mp4,0,408.975,29.97,,left-in,,POINT,284.584,observation_with_box.mp4,8529,NA,
observation,11:54.6,,407.04,Media file(s),player #1:observation_with_box.mp4,0,408.975,29.97,,left-in,,POINT,284.918,observation_with_box.mp4,8539,NA,
observation,11:54.6,,407.04,Media file(s),player #1:observation_with_box.mp4,0,408.975,29.97,,left-in,,POINT,285.084,observation_with_box.mp4,8544,NA,
observation,11:54.6,,407.04,Media file(s),player #1:observation_with_box.mp4,0,408.975,29.97,,left-in,,POINT,285.985,observation_with_box.mp4,8571,NA,
observation,11:54.6,,407.04,Media file(s),player #1:observation_with_box.mp4,0,408.975,29.97,,right-out,,POINT,286.219,observation_with_box.mp4,8578,NA,
observation,11:54.6,,407.04,Media file(s),player #1:observation_with_box.mp4,0,408.975,29.97,,left-out,,POINT,286.386,observation_with_box.mp4,8583,NA,
observation,11:54.6,,407.04,Media file(s),player #1:observation_with_box.mp4,0,408.975,29.97,,right-out,,POINT,286.419,observation_with_box.mp4,8584,NA,
observation,11:54.6,,407.04,Media file(s),player #1:observation_with_box.mp4,0,408.975,29.97,,left-in,,POINT,286.619,observation_with_box.mp4,8590,NA,
observation,11:54.6,,407.04,Media file(s),player #1:observation_with_box.mp4,0,408.975,29.97,,right-out,,POINT,286.653,observation_with_box.mp4,8591,NA,
observation,11:54.6,,407.04,Media file(s),player #1:observation_with_box.mp4,0,408.975,29.97,,left-in,,POINT,286.686,observation_with_box.mp4,8592,NA,
observation,11:54.6,,407.04,Media file(s),player #1:observation_with_box.mp4,0,408.975,29.97,,left-in,,POINT,287.72,observation_with_box.mp4,8623,NA,
observation,11:54.6,,407.04,Media file(s),player #1:observation_with_box.mp4,0,408.975,29.97,,left-in,,POINT,288.488,observation_with_box.mp4,8646,NA,
observation,11:54.6,,407.04,Media file(s),player #1:observation_with_box.mp4,0,408.975,29.97,,right-out,,POINT,288.688,observation_with_box.mp4,8652,NA,
observation,11:54.6,,407.04,Media file(s),player #1:observation_with_box.mp4,0,408.975,29.97,,right-out,,POINT,289.022,observation_with_box.mp4,8662,NA,
observation,11:54.6,,407.04,Media file(s),player #1:observation_with_box.mp4,0,408.975,29.97,,right-out,,POINT,289.355,observation_with_box.mp4,8672,NA,
observation,11:54.6,,407.04,Media file(s),player #1:observation_with_box.mp4,0,408.975,29.97,,right-out,,POINT,290.123,observation_with_box.mp4,8695,NA,
observation,11:54.6,,407.04,Media file(s),player #1:observation_with_box.mp4,0,408.975,29.97,,right-out,,POINT,290.39,observation_with_box.mp4,8703,NA,
observation,11:54.6,,407.04,Media file(s),player #1:observation_with_box.mp4,0,408.975,29.97,,left-in,,POINT,291.157,observation_with_box.mp4,8726,NA,
observation,11:54.6,,407.04,Media file(s),player #1:observation_with_box.mp4,0,408.975,29.97,,right-out,,POINT,291.257,observation_with_box.mp4,8729,NA,
observation,11:54.6,,407.04,Media file(s),player #1:observation_with_box.mp4,0,408.975,29.97,,left-in,,POINT,293.56,observation_with_box.mp4,8798,NA,
observation,11:54.6,,407.04,Media file(s),player #1:observation_with_box.mp4,0,408.975,29.97,,left-in,,POINT,293.86,observation_with_box.mp4,8807,NA,
observation,11:54.6,,407.04,Media file(s),player #1:observation_with_box.mp4,0,408.975,29.97,,right-in,,POINT,294.294,observation_with_box.mp4,8820,NA,
observation,11:54.6,,407.04,Media file(s),player #1:observation_with_box.mp4,0,408.975,29.97,,right-out,,POINT,294.694,observation_with_box.mp4,8832,NA,
observation,11:54.6,,407.04,Media file(s),player #1:observation_with_box.mp4,0,408.975,29.97,,left-in,,POINT,294.727,observation_with_box.mp4,8833,NA,
observation,11:54.6,,407.04,Media file(s),player #1:observation_with_box.mp4,0,408.975,29.97,,right-out,,POINT,296.062,observation_with_box.mp4,8873,NA,
observation,11:54.6,,407.04,Media file(s),player #1:observation_with_box.mp4,0,408.975,29.97,,left-out,,POINT,296.095,observation_with_box.mp4,8874,NA,
observation,11:54.6,,407.04,Media file(s),player #1:observation_with_box.mp4,0,408.975,29.97,,right-out,,POINT,296.596,observation_with_box.mp4,8889,NA,
observation,11:54.6,,407.04,Media file(s),player #1:observation_with_box.mp4,0,408.975,29.97,,right-in,,POINT,297.263,observation_with_box.mp4,8909,NA,
observation,11:54.6,,407.04,Media file(s),player #1:observation_with_box.mp4,0,408.975,29.97,,left-in,,POINT,297.43,observation_with_box.mp4,8914,NA,
observation,11:54.6,,407.04,Media file(s),player #1:observation_with_box.mp4,0,408.975,29.97,,right-out,,POINT,297.664,observation_with_box.mp4,8921,NA,
observation,11:54.6,,407.04,Media file(s),player #1:observation_with_box.mp4,0,408.975,29.97,,right-in,,POINT,297.797,observation_with_box.mp4,8925,NA,
observation,11:54.6,,407.04,Media file(s),player #1:observation_with_box.mp4,0,408.975,29.97,,left-in,,POINT,298.298,observation_with_box.mp4,8940,NA,
observation,11:54.6,,407.04,Media file(s),player #1:observation_with_box.mp4,0,408.975,29.97,,left-in,,POINT,298.464,observation_with_box.mp4,8945,NA,
observation,11:54.6,,407.04,Media file(s),player #1:observation_with_box.mp4,0,408.975,29.97,,left-in,,POINT,299.265,observation_with_box.mp4,8969,NA,
observation,11:54.6,,407.04,Media file(s),player #1:observation_with_box.mp4,0,408.975,29.97,,right-out,,POINT,299.833,observation_with_box.mp4,8986,NA,
observation,11:54.6,,407.04,Media file(s),player #1:observation_with_box.mp4,0,408.975,29.97,,left-out,,POINT,299.866,observation_with_box.mp4,8987,NA,
observation,11:54.6,,407.04,Media file(s),player #1:observation_with_box.mp4,0,408.975,29.97,,left-in,,POINT,300.099,observation_with_box.mp4,8994,NA,
observation,11:54.6,,407.04,Media file(s),player #1:observation_with_box.mp4,0,408.975,29.97,,right-out,,POINT,300.133,observation_with_box.mp4,8995,NA,
observation,11:54.6,,407.04,Media file(s),player #1:observation_with_box.mp4,0,408.975,29.97,,left-out,,POINT,300.233,observation_with_box.mp4,8998,NA,
observation,11:54.6,,407.04,Media file(s),player #1:observation_with_box.mp4,0,408.975,29.97,,left-in,,POINT,300.6,observation_with_box.mp4,9009,NA,
observation,11:54.6,,407.04,Media file(s),player #1:observation_with_box.mp4,0,408.975,29.97,,left-in,,POINT,300.834,observation_with_box.mp4,9016,NA,
observation,11:54.6,,407.04,Media file(s),player #1:observation_with_box.mp4,0,408.975,29.97,,right-out,,POINT,300.834,observation_with_box.mp4,9016,NA,
observation,11:54.6,,407.04,Media file(s),player #1:observation_with_box.mp4,0,408.975,29.97,,left-in,,POINT,301.034,observation_with_box.mp4,9022,NA,
observation,11:54.6,,407.04,Media file(s),player #1:observation_with_box.mp4,0,408.975,29.97,,left-out,,POINT,301.201,observation_with_box.mp4,9027,NA,
observation,11:54.6,,407.04,Media file(s),player #1:observation_with_box.mp4,0,408.975,29.97,,right-out,,POINT,301.501,observation_with_box.mp4,9036,NA,
observation,11:54.6,,407.04,Media file(s),player #1:observation_with_box.mp4,0,408.975,29.97,,right-out,,POINT,301.868,observation_with_box.mp4,9047,NA,
observation,11:54.6,,407.04,Media file(s),player #1:observation_with_box.mp4,0,408.975,29.97,,left-in,,POINT,302.001,observation_with_box.mp4,9051,NA,
observation,11:54.6,,407.04,Media file(s),player #1:observation_with_box.mp4,0,408.975,29.97,,right-out,,POINT,302.101,observation_with_box.mp4,9054,NA,
observation,11:54.6,,407.04,Media file(s),player #1:observation_with_box.mp4,0,408.975,29.97,,left-in,,POINT,302.268,observation_with_box.mp4,9059,NA,
observation,11:54.6,,407.04,Media file(s),player #1:observation_with_box.mp4,0,408.975,29.97,,right-out,,POINT,302.268,observation_with_box.mp4,9059,NA,
observation,11:54.6,,407.04,Media file(s),player #1:observation_with_box.mp4,0,408.975,29.97,,left-in,,POINT,302.468,observation_with_box.mp4,9065,NA,
observation,11:54.6,,407.04,Media file(s),player #1:observation_with_box.mp4,0,408.975,29.97,,left-in,,POINT,302.602,observation_with_box.mp4,9069,NA,
observation,11:54.6,,407.04,Media file(s),player #1:observation_with_box.mp4,0,408.975,29.97,,left-in,,POINT,302.702,observation_with_box.mp4,9072,NA,
observation,11:54.6,,407.04,Media file(s),player #1:observation_with_box.mp4,0,408.975,29.97,,right-out,,POINT,302.836,observation_with_box.mp4,9076,NA,
observation,11:54.6,,407.04,Media file(s),player #1:observation_with_box.mp4,0,408.975,29.97,,left-in,,POINT,302.969,observation_with_box.mp4,9080,NA,
observation,11:54.6,,407.04,Media file(s),player #1:observation_with_box.mp4,0,408.975,29.97,,right-in,,POINT,303.069,observation_with_box.mp4,9083,NA,
observation,11:54.6,,407.04,Media file(s),player #1:observation_with_box.mp4,0,408.975,29.97,,left-in,,POINT,303.136,observation_with_box.mp4,9085,NA,
observation,11:54.6,,407.04,Media file(s),player #1:observation_with_box.mp4,0,408.975,29.97,,right-out,,POINT,303.169,observation_with_box.mp4,9086,NA,
observation,11:54.6,,407.04,Media file(s),player #1:observation_with_box.mp4,0,408.975,29.97,,left-in,,POINT,303.303,observation_with_box.mp4,9090,NA,
observation,11:54.6,,407.04,Media file(s),player #1:observation_with_box.mp4,0,408.975,29.97,,right-out,,POINT,303.469,observation_with_box.mp4,9095,NA,
observation,11:54.6,,407.04,Media file(s),player #1:observation_with_box.mp4,0,408.975,29.97,,left-in,,POINT,303.703,observation_with_box.mp4,9102,NA,
observation,11:54.6,,407.04,Media file(s),player #1:observation_with_box.mp4,0,408.975,29.97,,right-out,,POINT,303.736,observation_with_box.mp4,9103,NA,
observation,11:54.6,,407.04,Media file(s),player #1:observation_with_box.mp4,0,408.975,29.97,,left-in,,POINT,304.07,observation_with_box.mp4,9113,NA,
observation,11:54.6,,407.04,Media file(s),player #1:observation_with_box.mp4,0,408.975,29.97,,right-out,,POINT,304.07,observation_with_box.mp4,9113,NA,
observation,11:54.6,,407.04,Media file(s),player #1:observation_with_box.mp4,0,408.975,29.97,,left-in,,POINT,304.204,observation_with_box.mp4,9117,NA,
observation,11:54.6,,407.04,Media file(s),player #1:observation_with_box.mp4,0,408.975,29.97,,left-in,,POINT,304.804,observation_with_box.mp4,9135,NA,
observation,11:54.6,,407.04,Media file(s),player #1:observation_with_box.mp4,0,408.975,29.97,,left-in,,POINT,304.904,observation_with_box.mp4,9138,NA,
observation,11:54.6,,407.04,Media file(s),player #1:observation_with_box.mp4,0,408.975,29.97,,left-in,,POINT,305.038,observation_with_box.mp4,9142,NA,
observation,11:54.6,,407.04,Media file(s),player #1:observation_with_box.mp4,0,408.975,29.97,,left-in,,POINT,305.205,observation_with_box.mp4,9147,NA,
observation,11:54.6,,407.04,Media file(s),player #1:observation_with_box.mp4,0,408.975,29.97,,left-in,,POINT,305.271,observation_with_box.mp4,9149,NA,
observation,11:54.6,,407.04,Media file(s),player #1:observation_with_box.mp4,0,408.975,29.97,,right-in,,POINT,305.805,observation_with_box.mp4,9165,NA,
observation,11:54.6,,407.04,Media file(s),player #1:observation_with_box.mp4,0,408.975,29.97,,left-in,,POINT,305.839,observation_with_box.mp4,9166,NA,
observation,11:54.6,,407.04,Media file(s),player #1:observation_with_box.mp4,0,408.975,29.97,,left-out,,POINT,306.039,observation_with_box.mp4,9172,NA,
observation,11:54.6,,407.04,Media file(s),player #1:observation_with_box.mp4,0,408.975,29.97,,right-out,,POINT,306.139,observation_with_box.mp4,9175,NA,
observation,11:54.6,,407.04,Media file(s),player #1:observation_with_box.mp4,0,408.975,29.97,,left-out,,POINT,306.239,observation_with_box.mp4,9178,NA,
observation,11:54.6,,407.04,Media file(s),player #1:observation_with_box.mp4,0,408.975,29.97,,right-out,,POINT,306.406,observation_with_box.mp4,9183,NA,
observation,11:54.6,,407.04,Media file(s),player #1:observation_with_box.mp4,0,408.975,29.97,,left-in,,POINT,306.506,observation_with_box.mp4,9186,NA,
observation,11:54.6,,407.04,Media file(s),player #1:observation_with_box.mp4,0,408.975,29.97,,right-out,,POINT,306.573,observation_with_box.mp4,9188,NA,
observation,11:54.6,,407.04,Media file(s),player #1:observation_with_box.mp4,0,408.975,29.97,,right-out,,POINT,306.639,observation_with_box.mp4,9190,NA,
observation,11:54.6,,407.04,Media file(s),player #1:observation_with_box.mp4,0,408.975,29.97,,right-out,,POINT,306.94,observation_with_box.mp4,9199,NA,
observation,11:54.6,,407.04,Media file(s),player #1:observation_with_box.mp4,0,408.975,29.97,,right-out,,POINT,307.073,observation_with_box.mp4,9203,NA,
observation,11:54.6,,407.04,Media file(s),player #1:observation_with_box.mp4,0,408.975,29.97,,right-out,,POINT,307.574,observation_with_box.mp4,9218,NA,
observation,11:54.6,,407.04,Media file(s),player #1:observation_with_box.mp4,0,408.975,29.97,,right-out,,POINT,307.74,observation_with_box.mp4,9223,NA,
observation,11:54.6,,407.04,Media file(s),player #1:observation_with_box.mp4,0,408.975,29.97,,left-out,,POINT,307.874,observation_with_box.mp4,9227,NA,
observation,11:54.6,,407.04,Media file(s),player #1:observation_with_box.mp4,0,408.975,29.97,,right-out,,POINT,307.874,observation_with_box.mp4,9227,NA,
observation,11:54.6,,407.04,Media file(s),player #1:observation_with_box.mp4,0,408.975,29.97,,right-in,,POINT,308.141,observation_with_box.mp4,9235,NA,
observation,11:54.6,,407.04,Media file(s),player #1:observation_with_box.mp4,0,408.975,29.97,,left-out,,POINT,308.274,observation_with_box.mp4,9239,NA,
observation,11:54.6,,407.04,Media file(s),player #1:observation_with_box.mp4,0,408.975,29.97,,left-in,,POINT,308.508,observation_with_box.mp4,9246,NA,
observation,11:54.6,,407.04,Media file(s),player #1:observation_with_box.mp4,0,408.975,29.97,,left-in,,POINT,308.575,observation_with_box.mp4,9248,NA,
observation,11:54.6,,407.04,Media file(s),player #1:observation_with_box.mp4,0,408.975,29.97,,right-in,,POINT,308.975,observation_with_box.mp4,9260,NA,
observation,11:54.6,,407.04,Media file(s),player #1:observation_with_box.mp4,0,408.975,29.97,,left-in,,POINT,309.008,observation_with_box.mp4,9261,NA,
observation,11:54.6,,407.04,Media file(s),player #1:observation_with_box.mp4,0,408.975,29.97,,left-in,,POINT,309.142,observation_with_box.mp4,9265,NA,
observation,11:54.6,,407.04,Media file(s),player #1:observation_with_box.mp4,0,408.975,29.97,,left-in,,POINT,309.375,observation_with_box.mp4,9272,NA,
observation,11:54.6,,407.04,Media file(s),player #1:observation_with_box.mp4,0,408.975,29.97,,right-out,,POINT,309.509,observation_with_box.mp4,9276,NA,
observation,11:54.6,,407.04,Media file(s),player #1:observation_with_box.mp4,0,408.975,29.97,,left-out,,POINT,309.776,observation_with_box.mp4,9284,NA,
observation,11:54.6,,407.04,Media file(s),player #1:observation_with_box.mp4,0,408.975,29.97,,right-out,,POINT,310.109,observation_with_box.mp4,9294,NA,
observation,11:54.6,,407.04,Media file(s),player #1:observation_with_box.mp4,0,408.975,29.97,,right-out,,POINT,310.243,observation_with_box.mp4,9298,NA,
observation,11:54.6,,407.04,Media file(s),player #1:observation_with_box.mp4,0,408.975,29.97,,left-in,,POINT,310.41,observation_with_box.mp4,9303,NA,
observation,11:54.6,,407.04,Media file(s),player #1:observation_with_box.mp4,0,408.975,29.97,,right-out,,POINT,310.476,observation_with_box.mp4,9305,NA,
observation,11:54.6,,407.04,Media file(s),player #1:observation_with_box.mp4,0,408.975,29.97,,left-in,,POINT,310.71,observation_with_box.mp4,9312,NA,
observation,11:54.6,,407.04,Media file(s),player #1:observation_with_box.mp4,0,408.975,29.97,,right-out,,POINT,310.743,observation_with_box.mp4,9313,NA,
observation,11:54.6,,407.04,Media file(s),player #1:observation_with_box.mp4,0,408.975,29.97,,right-out,,POINT,310.977,observation_with_box.mp4,9320,NA,
observation,11:54.6,,407.04,Media file(s),player #1:observation_with_box.mp4,0,408.975,29.97,,left-in,,POINT,311.11,observation_with_box.mp4,9324,NA,
observation,11:54.6,,407.04,Media file(s),player #1:observation_with_box.mp4,0,408.975,29.97,,right-in,,POINT,311.144,observation_with_box.mp4,9325,NA,
observation,11:54.6,,407.04,Media file(s),player #1:observation_with_box.mp4,0,408.975,29.97,,left-in,,POINT,311.344,observation_with_box.mp4,9331,NA,
observation,11:54.6,,407.04,Media file(s),player #1:observation_with_box.mp4,0,408.975,29.97,,right-out,,POINT,311.611,observation_with_box.mp4,9339,NA,
observation,11:54.6,,407.04,Media file(s),player #1:observation_with_box.mp4,0,408.975,29.97,,left-out,,POINT,311.845,observation_with_box.mp4,9346,NA,
observation,11:54.6,,407.04,Media file(s),player #1:observation_with_box.mp4,0,408.975,29.97,,right-out,,POINT,311.878,observation_with_box.mp4,9347,NA,
observation,11:54.6,,407.04,Media file(s),player #1:observation_with_box.mp4,0,408.975,29.97,,right-in,,POINT,311.945,observation_with_box.mp4,9349,NA,
observation,11:54.6,,407.04,Media file(s),player #1:observation_with_box.mp4,0,408.975,29.97,,left-in,,POINT,312.045,observation_with_box.mp4,9352,NA,
observation,11:54.6,,407.04,Media file(s),player #1:observation_with_box.mp4,0,408.975,29.97,,right-in,,POINT,312.145,observation_with_box.mp4,9355,NA,
observation,11:54.6,,407.04,Media file(s),player #1:observation_with_box.mp4,0,408.975,29.97,,right-out,,POINT,312.145,observation_with_box.mp4,9355,NA,
observation,11:54.6,,407.04,Media file(s),player #1:observation_with_box.mp4,0,408.975,29.97,,left-in,,POINT,312.178,observation_with_box.mp4,9356,NA,
observation,11:54.6,,407.04,Media file(s),player #1:observation_with_box.mp4,0,408.975,29.97,,left-in,,POINT,312.345,observation_with_box.mp4,9361,NA,
observation,11:54.6,,407.04,Media file(s),player #1:observation_with_box.mp4,0,408.975,29.97,,right-out,,POINT,312.378,observation_with_box.mp4,9362,NA,
observation,11:54.6,,407.04,Media file(s),player #1:observation_with_box.mp4,0,408.975,29.97,,left-in,,POINT,312.512,observation_with_box.mp4,9366,NA,
observation,11:54.6,,407.04,Media file(s),player #1:observation_with_box.mp4,0,408.975,29.97,,right-out,,POINT,312.579,observation_with_box.mp4,9368,NA,
observation,11:54.6,,407.04,Media file(s),player #1:observation_with_box.mp4,0,408.975,29.97,,left-in,,POINT,312.812,observation_with_box.mp4,9375,NA,
observation,11:54.6,,407.04,Media file(s),player #1:observation_with_box.mp4,0,408.975,29.97,,right-out,,POINT,312.979,observation_with_box.mp4,9380,NA,
observation,11:54.6,,407.04,Media file(s),player #1:observation_with_box.mp4,0,408.975,29.97,,left-in,,POINT,313.313,observation_with_box.mp4,9390,NA,
observation,11:54.6,,407.04,Media file(s),player #1:observation_with_box.mp4,0,408.975,29.97,,right-out,,POINT,313.68,observation_with_box.mp4,9401,NA,
observation,11:54.6,,407.04,Media file(s),player #1:observation_with_box.mp4,0,408.975,29.97,,left-in,,POINT,313.846,observation_with_box.mp4,9406,NA,
observation,11:54.6,,407.04,Media file(s),player #1:observation_with_box.mp4,0,408.975,29.97,,left-out,,POINT,313.98,observation_with_box.mp4,9410,NA,
observation,11:54.6,,407.04,Media file(s),player #1:observation_with_box.mp4,0,408.975,29.97,,right-out,,POINT,313.98,observation_with_box.mp4,9410,NA,
observation,11:54.6,,407.04,Media file(s),player #1:observation_with_box.mp4,0,408.975,29.97,,right-out,,POINT,314.013,observation_with_box.mp4,9411,NA,
observation,11:54.6,,407.04,Media file(s),player #1:observation_with_box.mp4,0,408.975,29.97,,right-in,,POINT,314.147,observation_with_box.mp4,9415,NA,
observation,11:54.6,,407.04,Media file(s),player #1:observation_with_box.mp4,0,408.975,29.97,,left-in,,POINT,314.214,observation_with_box.mp4,9417,NA,
observation,11:54.6,,407.04,Media file(s),player #1:observation_with_box.mp4,0,408.975,29.97,,right-out,,POINT,314.38,observation_with_box.mp4,9422,NA,
observation,11:54.6,,407.04,Media file(s),player #1:observation_with_box.mp4,0,408.975,29.97,,left-in,,POINT,314.48,observation_with_box.mp4,9425,NA,
observation,11:54.6,,407.04,Media file(s),player #1:observation_with_box.mp4,0,408.975,29.97,,right-out,,POINT,314.814,observation_with_box.mp4,9435,NA,
observation,11:54.6,,407.04,Media file(s),player #1:observation_with_box.mp4,0,408.975,29.97,,left-out,,POINT,314.881,observation_with_box.mp4,9437,NA,
observation,11:54.6,,407.04,Media file(s),player #1:observation_with_box.mp4,0,408.975,29.97,,right-out,,POINT,315.281,observation_with_box.mp4,9449,NA,
observation,11:54.6,,407.04,Media file(s),player #1:observation_with_box.mp4,0,408.975,29.97,,right-out,,POINT,315.348,observation_with_box.mp4,9451,NA,
observation,11:54.6,,407.04,Media file(s),player #1:observation_with_box.mp4,0,408.975,29.97,,right-out,,POINT,315.815,observation_with_box.mp4,9465,NA,
observation,11:54.6,,407.04,Media file(s),player #1:observation_with_box.mp4,0,408.975,29.97,,left-in,,POINT,315.982,observation_with_box.mp4,9470,NA,
observation,11:54.6,,407.04,Media file(s),player #1:observation_with_box.mp4,0,408.975,29.97,,left-in,,POINT,316.082,observation_with_box.mp4,9473,NA,
observation,11:54.6,,407.04,Media file(s),player #1:observation_with_box.mp4,0,408.975,29.97,,left-in,,POINT,316.182,observation_with_box.mp4,9476,NA,
observation,11:54.6,,407.04,Media file(s),player #1:observation_with_box.mp4,0,408.975,29.97,,left-in,,POINT,316.716,observation_with_box.mp4,9492,NA,
observation,11:54.6,,407.04,Media file(s),player #1:observation_with_box.mp4,0,408.975,29.97,,left-in,,POINT,316.883,observation_with_box.mp4,9497,NA,
observation,11:54.6,,407.04,Media file(s),player #1:observation_with_box.mp4,0,408.975,29.97,,left-in,,POINT,317.05,observation_with_box.mp4,9502,NA,
observation,11:54.6,,407.04,Media file(s),player #1:observation_with_box.mp4,0,408.975,29.97,,left-out,,POINT,317.183,observation_with_box.mp4,9506,NA,
observation,11:54.6,,407.04,Media file(s),player #1:observation_with_box.mp4,0,408.975,29.97,,right-out,,POINT,317.417,observation_with_box.mp4,9513,NA,
observation,11:54.6,,407.04,Media file(s),player #1:observation_with_box.mp4,0,408.975,29.97,,right-out,,POINT,317.483,observation_with_box.mp4,9515,NA,
observation,11:54.6,,407.04,Media file(s),player #1:observation_with_box.mp4,0,408.975,29.97,,right-in,,POINT,317.817,observation_with_box.mp4,9525,NA,
observation,11:54.6,,407.04,Media file(s),player #1:observation_with_box.mp4,0,408.975,29.97,,right-out,,POINT,317.817,observation_with_box.mp4,9525,NA,
observation,11:54.6,,407.04,Media file(s),player #1:observation_with_box.mp4,0,408.975,29.97,,left-in,,POINT,318.117,observation_with_box.mp4,9534,NA,
observation,11:54.6,,407.04,Media file(s),player #1:observation_with_box.mp4,0,408.975,29.97,,left-in,,POINT,318.551,observation_with_box.mp4,9547,NA,
observation,11:54.6,,407.04,Media file(s),player #1:observation_with_box.mp4,0,408.975,29.97,,left-in,,POINT,318.718,observation_with_box.mp4,9552,NA,
observation,11:54.6,,407.04,Media file(s),player #1:observation_with_box.mp4,0,408.975,29.97,,left-in,,POINT,318.851,observation_with_box.mp4,9556,NA,
observation,11:54.6,,407.04,Media file(s),player #1:observation_with_box.mp4,0,408.975,29.97,,right-out,,POINT,318.885,observation_with_box.mp4,9557,NA,
observation,11:54.6,,407.04,Media file(s),player #1:observation_with_box.mp4,0,408.975,29.97,,right-out,,POINT,318.985,observation_with_box.mp4,9560,NA,
observation,11:54.6,,407.04,Media file(s),player #1:observation_with_box.mp4,0,408.975,29.97,,right-out,,POINT,319.252,observation_with_box.mp4,9568,NA,
observation,11:54.6,,407.04,Media file(s),player #1:observation_with_box.mp4,0,408.975,29.97,,right-out,,POINT,319.485,observation_with_box.mp4,9575,NA,
observation,11:54.6,,407.04,Media file(s),player #1:observation_with_box.mp4,0,408.975,29.97,,right-out,,POINT,319.919,observation_with_box.mp4,9588,NA,
observation,11:54.6,,407.04,Media file(s),player #1:observation_with_box.mp4,0,408.975,29.97,,left-out,,POINT,320.286,observation_with_box.mp4,9599,NA,
observation,11:54.6,,407.04,Media file(s),player #1:observation_with_box.mp4,0,408.975,29.97,,right-out,,POINT,320.286,observation_with_box.mp4,9599,NA,
observation,11:54.6,,407.04,Media file(s),player #1:observation_with_box.mp4,0,408.975,29.97,,left-in,,POINT,320.453,observation_with_box.mp4,9604,NA,
observation,11:54.6,,407.04,Media file(s),player #1:observation_with_box.mp4,0,408.975,29.97,,right-out,,POINT,320.62,observation_with_box.mp4,9609,NA,
observation,11:54.6,,407.04,Media file(s),player #1:observation_with_box.mp4,0,408.975,29.97,,left-in,,POINT,320.82,observation_with_box.mp4,9615,NA,
observation,11:54.6,,407.04,Media file(s),player #1:observation_with_box.mp4,0,408.975,29.97,,right-out,,POINT,320.82,observation_with_box.mp4,9615,NA,
observation,11:54.6,,407.04,Media file(s),player #1:observation_with_box.mp4,0,408.975,29.97,,right-in,,POINT,321.621,observation_with_box.mp4,9639,NA,
observation,11:54.6,,407.04,Media file(s),player #1:observation_with_box.mp4,0,408.975,29.97,,left-in,,POINT,321.754,observation_with_box.mp4,9643,NA,
observation,11:54.6,,407.04,Media file(s),player #1:observation_with_box.mp4,0,408.975,29.97,,right-in,,POINT,321.888,observation_with_box.mp4,9647,NA,
observation,11:54.6,,407.04,Media file(s),player #1:observation_with_box.mp4,0,408.975,29.97,,right-out,,POINT,322.355,observation_with_box.mp4,9661,NA,
observation,11:54.6,,407.04,Media file(s),player #1:observation_with_box.mp4,0,408.975,29.97,,right-in,,POINT,322.755,observation_with_box.mp4,9673,NA,
observation,11:54.6,,407.04,Media file(s),player #1:observation_with_box.mp4,0,408.975,29.97,,right-out,,POINT,323.189,observation_with_box.mp4,9686,NA,
observation,11:54.6,,407.04,Media file(s),player #1:observation_with_box.mp4,0,408.975,29.97,,left-out,,POINT,324.357,observation_with_box.mp4,9721,NA,
observation,11:54.6,,407.04,Media file(s),player #1:observation_with_box.mp4,0,408.975,29.97,,right-out,,POINT,324.791,observation_with_box.mp4,9734,NA,
observation,11:54.6,,407.04,Media file(s),player #1:observation_with_box.mp4,0,408.975,29.97,,left-out,,POINT,325.058,observation_with_box.mp4,9742,NA,
observation,11:54.6,,407.04,Media file(s),player #1:observation_with_box.mp4,0,408.975,29.97,,right-in,,POINT,325.458,observation_with_box.mp4,9754,NA,
observation,11:54.6,,407.04,Media file(s),player #1:observation_with_box.mp4,0,408.975,29.97,,left-in,,POINT,325.625,observation_with_box.mp4,9759,NA,
observation,11:54.6,,407.04,Media file(s),player #1:observation_with_box.mp4,0,408.975,29.97,,left-in,,POINT,325.925,observation_with_box.mp4,9768,NA,
observation,11:54.6,,407.04,Media file(s),player #1:observation_with_box.mp4,0,408.975,29.97,,left-out,,POINT,326.192,observation_with_box.mp4,9776,NA,
observation,11:54.6,,407.04,Media file(s),player #1:observation_with_box.mp4,0,408.975,29.97,,left-in,,POINT,326.993,observation_with_box.mp4,9800,NA,
observation,11:54.6,,407.04,Media file(s),player #1:observation_with_box.mp4,0,408.975,29.97,,left-in,,POINT,327.427,observation_with_box.mp4,9813,NA,
observation,11:54.6,,407.04,Media file(s),player #1:observation_with_box.mp4,0,408.975,29.97,,right-out,,POINT,327.527,observation_with_box.mp4,9816,NA,
observation,11:54.6,,407.04,Media file(s),player #1:observation_with_box.mp4,0,408.975,29.97,,left-out,,POINT,327.861,observation_with_box.mp4,9826,NA,
observation,11:54.6,,407.04,Media file(s),player #1:observation_with_box.mp4,0,408.975,29.97,,right-out,,POINT,328.528,observation_with_box.mp4,9846,NA,
observation,11:54.6,,407.04,Media file(s),player #1:observation_with_box.mp4,0,408.975,29.97,,right-in,,POINT,328.628,observation_with_box.mp4,9849,NA,
observation,11:54.6,,407.04,Media file(s),player #1:observation_with_box.mp4,0,408.975,29.97,,left-in,,POINT,329.195,observation_with_box.mp4,9866,NA,
observation,11:54.6,,407.04,Media file(s),player #1:observation_with_box.mp4,0,408.975,29.97,,left-in,,POINT,329.495,observation_with_box.mp4,9875,NA,
observation,11:54.6,,407.04,Media file(s),player #1:observation_with_box.mp4,0,408.975,29.97,,left-in,,POINT,330.129,observation_with_box.mp4,9894,NA,
observation,11:54.6,,407.04,Media file(s),player #1:observation_with_box.mp4,0,408.975,29.97,,right-out,,POINT,330.863,observation_with_box.mp4,9916,NA,
observation,11:54.6,,407.04,Media file(s),player #1:observation_with_box.mp4,0,408.975,29.97,,right-out,,POINT,331.297,observation_with_box.mp4,9929,NA,
observation,11:54.6,,407.04,Media file(s),player #1:observation_with_box.mp4,0,408.975,29.97,,left-out,,POINT,331.397,observation_with_box.mp4,9932,NA,
observation,11:54.6,,407.04,Media file(s),player #1:observation_with_box.mp4,0,408.975,29.97,,left-in,,POINT,332.365,observation_with_box.mp4,9961,NA,
observation,11:54.6,,407.04,Media file(s),player #1:observation_with_box.mp4,0,408.975,29.97,,left-in,,POINT,332.765,observation_with_box.mp4,9973,NA,
observation,11:54.6,,407.04,Media file(s),player #1:observation_with_box.mp4,0,408.975,29.97,,right-out,,POINT,332.999,observation_with_box.mp4,9980,NA,
observation,11:54.6,,407.04,Media file(s),player #1:observation_with_box.mp4,0,408.975,29.97,,left-in,,POINT,333.433,observation_with_box.mp4,9993,NA,
observation,11:54.6,,407.04,Media file(s),player #1:observation_with_box.mp4,0,408.975,29.97,,right-out,,POINT,333.466,observation_with_box.mp4,9994,NA,
observation,11:54.6,,407.04,Media file(s),player #1:observation_with_box.mp4,0,408.975,29.97,,right-out,,POINT,333.9,observation_with_box.mp4,10007,NA,
observation,11:54.6,,407.04,Media file(s),player #1:observation_with_box.mp4,0,408.975,29.97,,right-out,,POINT,334.4,observation_with_box.mp4,10022,NA,
observation,11:54.6,,407.04,Media file(s),player #1:observation_with_box.mp4,0,408.975,29.97,,right-out,,POINT,334.767,observation_with_box.mp4,10033,NA,
observation,11:54.6,,407.04,Media file(s),player #1:observation_with_box.mp4,0,408.975,29.97,,left-in,,POINT,334.968,observation_with_box.mp4,10039,NA,
observation,11:54.6,,407.04,Media file(s),player #1:observation_with_box.mp4,0,408.975,29.97,,left-in,,POINT,335.268,observation_with_box.mp4,10048,NA,
observation,11:54.6,,407.04,Media file(s),player #1:observation_with_box.mp4,0,408.975,29.97,,right-in,,POINT,335.468,observation_with_box.mp4,10054,NA,
observation,11:54.6,,407.04,Media file(s),player #1:observation_with_box.mp4,0,408.975,29.97,,right-in,,POINT,336.169,observation_with_box.mp4,10075,NA,
observation,11:54.6,,407.04,Media file(s),player #1:observation_with_box.mp4,0,408.975,29.97,,left-in,,POINT,336.269,observation_with_box.mp4,10078,NA,
observation,11:54.6,,407.04,Media file(s),player #1:observation_with_box.mp4,0,408.975,29.97,,left-in,,POINT,336.536,observation_with_box.mp4,10086,NA,
observation,11:54.6,,407.04,Media file(s),player #1:observation_with_box.mp4,0,408.975,29.97,,right-in,,POINT,336.603,observation_with_box.mp4,10088,NA,
observation,11:54.6,,407.04,Media file(s),player #1:observation_with_box.mp4,0,408.975,29.97,,right-out,,POINT,336.97,observation_with_box.mp4,10099,NA,
observation,11:54.6,,407.04,Media file(s),player #1:observation_with_box.mp4,0,408.975,29.97,,right-out,,POINT,337.17,observation_with_box.mp4,10105,NA,
observation,11:54.6,,407.04,Media file(s),player #1:observation_with_box.mp4,0,408.975,29.97,,right-out,,POINT,337.604,observation_with_box.mp4,10118,NA,
observation,11:54.6,,407.04,Media file(s),player #1:observation_with_box.mp4,0,408.975,29.97,,right-out,,POINT,337.87,observation_with_box.mp4,10126,NA,
observation,11:54.6,,407.04,Media file(s),player #1:observation_with_box.mp4,0,408.975,29.97,,left-out,,POINT,337.937,observation_with_box.mp4,10128,NA,
observation,11:54.6,,407.04,Media file(s),player #1:observation_with_box.mp4,0,408.975,29.97,,left-out,,POINT,338.638,observation_with_box.mp4,10149,NA,
observation,11:54.6,,407.04,Media file(s),player #1:observation_with_box.mp4,0,408.975,29.97,,left-out,,POINT,338.938,observation_with_box.mp4,10158,NA,
observation,11:54.6,,407.04,Media file(s),player #1:observation_with_box.mp4,0,408.975,29.97,,right-out,,POINT,339.138,observation_with_box.mp4,10164,NA,
observation,11:54.6,,407.04,Media file(s),player #1:observation_with_box.mp4,0,408.975,29.97,,left-out,,POINT,339.439,observation_with_box.mp4,10173,NA,
observation,11:54.6,,407.04,Media file(s),player #1:observation_with_box.mp4,0,408.975,29.97,,right-in,,POINT,339.472,observation_with_box.mp4,10174,NA,
observation,11:54.6,,407.04,Media file(s),player #1:observation_with_box.mp4,0,408.975,29.97,,right-in,,POINT,339.672,observation_with_box.mp4,10180,NA,
observation,11:54.6,,407.04,Media file(s),player #1:observation_with_box.mp4,0,408.975,29.97,,left-in,,POINT,340.54,observation_with_box.mp4,10206,NA,
observation,11:54.6,,407.04,Media file(s),player #1:observation_with_box.mp4,0,408.975,29.97,,right-in,,POINT,340.54,observation_with_box.mp4,10206,NA,
observation,11:54.6,,407.04,Media file(s),player #1:observation_with_box.mp4,0,408.975,29.97,,left-in,,POINT,341.107,observation_with_box.mp4,10223,NA,
observation,11:54.6,,407.04,Media file(s),player #1:observation_with_box.mp4,0,408.975,29.97,,right-in,,POINT,341.174,observation_with_box.mp4,10225,NA,
observation,11:54.6,,407.04,Media file(s),player #1:observation_with_box.mp4,0,408.975,29.97,,left-out,,POINT,341.574,observation_with_box.mp4,10237,NA,
observation,11:54.6,,407.04,Media file(s),player #1:observation_with_box.mp4,0,408.975,29.97,,right-in,,POINT,341.674,observation_with_box.mp4,10240,NA,
observation,11:54.6,,407.04,Media file(s),player #1:observation_with_box.mp4,0,408.975,29.97,,right-in,,POINT,341.841,observation_with_box.mp4,10245,NA,
observation,11:54.6,,407.04,Media file(s),player #1:observation_with_box.mp4,0,408.975,29.97,,left-in,,POINT,342.041,observation_with_box.mp4,10251,NA,
observation,11:54.6,,407.04,Media file(s),player #1:observation_with_box.mp4,0,408.975,29.97,,left-out,,POINT,342.408,observation_with_box.mp4,10262,NA,
observation,11:54.6,,407.04,Media file(s),player #1:observation_with_box.mp4,0,408.975,29.97,,left-out,,POINT,342.675,observation_with_box.mp4,10270,NA,
observation,11:54.6,,407.04,Media file(s),player #1:observation_with_box.mp4,0,408.975,29.97,,left-in,,POINT,342.809,observation_with_box.mp4,10274,NA,
observation,11:54.6,,407.04,Media file(s),player #1:observation_with_box.mp4,0,408.975,29.97,,left-in,,POINT,342.909,observation_with_box.mp4,10277,NA,
observation,11:54.6,,407.04,Media file(s),player #1:observation_with_box.mp4,0,408.975,29.97,,right-in,,POINT,343.109,observation_with_box.mp4,10283,NA,
observation,11:54.6,,407.04,Media file(s),player #1:observation_with_box.mp4,0,408.975,29.97,,left-out,,POINT,343.176,observation_with_box.mp4,10285,NA,
observation,11:54.6,,407.04,Media file(s),player #1:observation_with_box.mp4,0,408.975,29.97,,right-in,,POINT,343.509,observation_with_box.mp4,10295,NA,
observation,11:54.6,,407.04,Media file(s),player #1:observation_with_box.mp4,0,408.975,29.97,,left-out,,POINT,343.576,observation_with_box.mp4,10297,NA,
observation,11:54.6,,407.04,Media file(s),player #1:observation_with_box.mp4,0,408.975,29.97,,right-out,,POINT,343.676,observation_with_box.mp4,10300,NA,
observation,11:54.6,,407.04,Media file(s),player #1:observation_with_box.mp4,0,408.975,29.97,,left-out,,POINT,343.71,observation_with_box.mp4,10301,NA,
observation,11:54.6,,407.04,Media file(s),player #1:observation_with_box.mp4,0,408.975,29.97,,left-out,,POINT,343.81,observation_with_box.mp4,10304,NA,
observation,11:54.6,,407.04,Media file(s),player #1:observation_with_box.mp4,0,408.975,29.97,,right-in,,POINT,344.244,observation_with_box.mp4,10317,NA,
observation,11:54.6,,407.04,Media file(s),player #1:observation_with_box.mp4,0,408.975,29.97,,right-out,,POINT,344.51,observation_with_box.mp4,10325,NA,
observation,11:54.6,,407.04,Media file(s),player #1:observation_with_box.mp4,0,408.975,29.97,,left-out,,POINT,344.877,observation_with_box.mp4,10336,NA,
observation,11:54.6,,407.04,Media file(s),player #1:observation_with_box.mp4,0,408.975,29.97,,right-in,,POINT,345.378,observation_with_box.mp4,10351,NA,
observation,11:54.6,,407.04,Media file(s),player #1:observation_with_box.mp4,0,408.975,29.97,,left-out,,POINT,345.678,observation_with_box.mp4,10360,NA,
observation,11:54.6,,407.04,Media file(s),player #1:observation_with_box.mp4,0,408.975,29.97,,left-out,,POINT,345.879,observation_with_box.mp4,10366,NA,
observation,11:54.6,,407.04,Media file(s),player #1:observation_with_box.mp4,0,408.975,29.97,,left-out,,POINT,346.045,observation_with_box.mp4,10371,NA,
observation,11:54.6,,407.04,Media file(s),player #1:observation_with_box.mp4,0,408.975,29.97,,right-in,,POINT,346.045,observation_with_box.mp4,10371,NA,
observation,11:54.6,,407.04,Media file(s),player #1:observation_with_box.mp4,0,408.975,29.97,,right-out,,POINT,346.379,observation_with_box.mp4,10381,NA,
observation,11:54.6,,407.04,Media file(s),player #1:observation_with_box.mp4,0,408.975,29.97,,left-in,,POINT,346.679,observation_with_box.mp4,10390,NA,
observation,11:54.6,,407.04,Media file(s),player #1:observation_with_box.mp4,0,408.975,29.97,,right-in,,POINT,346.913,observation_with_box.mp4,10397,NA,
observation,11:54.6,,407.04,Media file(s),player #1:observation_with_box.mp4,0,408.975,29.97,,left-in,,POINT,347.046,observation_with_box.mp4,10401,NA,
observation,11:54.6,,407.04,Media file(s),player #1:observation_with_box.mp4,0,408.975,29.97,,left-out,,POINT,348.081,observation_with_box.mp4,10432,NA,
observation,11:54.6,,407.04,Media file(s),player #1:observation_with_box.mp4,0,408.975,29.97,,left-out,,POINT,348.381,observation_with_box.mp4,10441,NA,
observation,11:54.6,,407.04,Media file(s),player #1:observation_with_box.mp4,0,408.975,29.97,,left-out,,POINT,349.048,observation_with_box.mp4,10461,NA,
observation,11:54.6,,407.04,Media file(s),player #1:observation_with_box.mp4,0,408.975,29.97,,right-in,,POINT,349.215,observation_with_box.mp4,10466,NA,
observation,11:54.6,,407.04,Media file(s),player #1:observation_with_box.mp4,0,408.975,29.97,,right-in,,POINT,349.382,observation_with_box.mp4,10471,NA,
observation,11:54.6,,407.04,Media file(s),player #1:observation_with_box.mp4,0,408.975,29.97,,right-out,,POINT,350.049,observation_with_box.mp4,10491,NA,
observation,11:54.6,,407.04,Media file(s),player #1:observation_with_box.mp4,0,408.975,29.97,,right-out,,POINT,350.416,observation_with_box.mp4,10502,NA,
observation,11:54.6,,407.04,Media file(s),player #1:observation_with_box.mp4,0,408.975,29.97,,right-in,,POINT,350.683,observation_with_box.mp4,10510,NA,
observation,11:54.6,,407.04,Media file(s),player #1:observation_with_box.mp4,0,408.975,29.97,,left-out,,POINT,350.75,observation_with_box.mp4,10512,NA,
observation,11:54.6,,407.04,Media file(s),player #1:observation_with_box.mp4,0,408.975,29.97,,left-out,,POINT,350.884,observation_with_box.mp4,10516,NA,
observation,11:54.6,,407.04,Media file(s),player #1:observation_with_box.mp4,0,408.975,29.97,,left-in,,POINT,350.984,observation_with_box.mp4,10519,NA,
observation,11:54.6,,407.04,Media file(s),player #1:observation_with_box.mp4,0,408.975,29.97,,right-in,,POINT,351.351,observation_with_box.mp4,10530,NA,
observation,11:54.6,,407.04,Media file(s),player #1:observation_with_box.mp4,0,408.975,29.97,,right-in,,POINT,351.551,observation_with_box.mp4,10536,NA,
observation,11:54.6,,407.04,Media file(s),player #1:observation_with_box.mp4,0,408.975,29.97,,left-out,,POINT,351.918,observation_with_box.mp4,10547,NA,
observation,11:54.6,,407.04,Media file(s),player #1:observation_with_box.mp4,0,408.975,29.97,,right-in,,POINT,352.352,observation_with_box.mp4,10560,NA,
observation,11:54.6,,407.04,Media file(s),player #1:observation_with_box.mp4,0,408.975,29.97,,right-in,,POINT,352.585,observation_with_box.mp4,10567,NA,
observation,11:54.6,,407.04,Media file(s),player #1:observation_with_box.mp4,0,408.975,29.97,,left-in,,POINT,352.919,observation_with_box.mp4,10577,NA,
observation,11:54.6,,407.04,Media file(s),player #1:observation_with_box.mp4,0,408.975,29.97,,left-out,,POINT,353.086,observation_with_box.mp4,10582,NA,
observation,11:54.6,,407.04,Media file(s),player #1:observation_with_box.mp4,0,408.975,29.97,,right-in,,POINT,353.086,observation_with_box.mp4,10582,NA,
observation,11:54.6,,407.04,Media file(s),player #1:observation_with_box.mp4,0,408.975,29.97,,left-out,,POINT,353.219,observation_with_box.mp4,10586,NA,
observation,11:54.6,,407.04,Media file(s),player #1:observation_with_box.mp4,0,408.975,29.97,,right-out,,POINT,353.286,observation_with_box.mp4,10588,NA,
observation,11:54.6,,407.04,Media file(s),player #1:observation_with_box.mp4,0,408.975,29.97,,right-in,,POINT,353.753,observation_with_box.mp4,10602,NA,
observation,11:54.6,,407.04,Media file(s),player #1:observation_with_box.mp4,0,408.975,29.97,,left-out,,POINT,353.953,observation_with_box.mp4,10608,NA,
observation,11:54.6,,407.04,Media file(s),player #1:observation_with_box.mp4,0,408.975,29.97,,left-in,,POINT,354.587,observation_with_box.mp4,10627,NA,
observation,11:54.6,,407.04,Media file(s),player #1:observation_with_box.mp4,0,408.975,29.97,,right-in,,POINT,354.787,observation_with_box.mp4,10633,NA,
observation,11:54.6,,407.04,Media file(s),player #1:observation_with_box.mp4,0,408.975,29.97,,left-out,,POINT,354.954,observation_with_box.mp4,10638,NA,
observation,11:54.6,,407.04,Media file(s),player #1:observation_with_box.mp4,0,408.975,29.97,,left-out,,POINT,355.388,observation_with_box.mp4,10651,NA,
observation,11:54.6,,407.04,Media file(s),player #1:observation_with_box.mp4,0,408.975,29.97,,right-out,,POINT,355.788,observation_with_box.mp4,10663,NA,
observation,11:54.6,,407.04,Media file(s),player #1:observation_with_box.mp4,0,408.975,29.97,,left-out,,POINT,355.955,observation_with_box.mp4,10668,NA,
observation,11:54.6,,407.04,Media file(s),player #1:observation_with_box.mp4,0,408.975,29.97,,right-in,,POINT,356.089,observation_with_box.mp4,10672,NA,
observation,11:54.6,,407.04,Media file(s),player #1:observation_with_box.mp4,0,408.975,29.97,,right-out,,POINT,356.656,observation_with_box.mp4,10689,NA,
observation,11:54.6,,407.04,Media file(s),player #1:observation_with_box.mp4,0,408.975,29.97,,left-out,,POINT,356.689,observation_with_box.mp4,10690,NA,
observation,11:54.6,,407.04,Media file(s),player #1:observation_with_box.mp4,0,408.975,29.97,,right-in,,POINT,357.39,observation_with_box.mp4,10711,NA,
observation,11:54.6,,407.04,Media file(s),player #1:observation_with_box.mp4,0,408.975,29.97,,right-in,,POINT,357.757,observation_with_box.mp4,10722,NA,
observation,11:54.6,,407.04,Media file(s),player #1:observation_with_box.mp4,0,408.975,29.97,,right-in,,POINT,358.057,observation_with_box.mp4,10731,NA,
observation,11:54.6,,407.04,Media file(s),player #1:observation_with_box.mp4,0,408.975,29.97,,left-out,,POINT,358.691,observation_with_box.mp4,10750,NA,
observation,11:54.6,,407.04,Media file(s),player #1:observation_with_box.mp4,0,408.975,29.97,,right-in,,POINT,358.758,observation_with_box.mp4,10752,NA,
observation,11:54.6,,407.04,Media file(s),player #1:observation_with_box.mp4,0,408.975,29.97,,left-out,,POINT,359.459,observation_with_box.mp4,10773,NA,
observation,11:54.6,,407.04,Media file(s),player #1:observation_with_box.mp4,0,408.975,29.97,,left-out,,POINT,359.659,observation_with_box.mp4,10779,NA,
observation,11:54.6,,407.04,Media file(s),player #1:observation_with_box.mp4,0,408.975,29.97,,right-in,,POINT,360.159,observation_with_box.mp4,10794,NA,
observation,11:54.6,,407.04,Media file(s),player #1:observation_with_box.mp4,0,408.975,29.97,,left-out,,POINT,360.526,observation_with_box.mp4,10805,NA,
observation,11:54.6,,407.04,Media file(s),player #1:observation_with_box.mp4,0,408.975,29.97,,right-in,,POINT,360.894,observation_with_box.mp4,10816,NA,
observation,11:54.6,,407.04,Media file(s),player #1:observation_with_box.mp4,0,408.975,29.97,,left-out,,POINT,361.527,observation_with_box.mp4,10835,NA,
observation,11:54.6,,407.04,Media file(s),player #1:observation_with_box.mp4,0,408.975,29.97,,right-in,,POINT,361.761,observation_with_box.mp4,10842,NA,
observation,11:54.6,,407.04,Media file(s),player #1:observation_with_box.mp4,0,408.975,29.97,,left-out,,POINT,362.195,observation_with_box.mp4,10855,NA,
observation,11:54.6,,407.04,Media file(s),player #1:observation_with_box.mp4,0,408.975,29.97,,right-in,,POINT,362.328,observation_with_box.mp4,10859,NA,
observation,11:54.6,,407.04,Media file(s),player #1:observation_with_box.mp4,0,408.975,29.97,,right-in,,POINT,362.662,observation_with_box.mp4,10869,NA,
observation,11:54.6,,407.04,Media file(s),player #1:observation_with_box.mp4,0,408.975,29.97,,right-in,,POINT,363.062,observation_with_box.mp4,10881,NA,
observation,11:54.6,,407.04,Media file(s),player #1:observation_with_box.mp4,0,408.975,29.97,,right-in,,POINT,363.663,observation_with_box.mp4,10899,NA,
observation,11:54.6,,407.04,Media file(s),player #1:observation_with_box.mp4,0,408.975,29.97,,right-in,,POINT,363.763,observation_with_box.mp4,10902,NA,
observation,11:54.6,,407.04,Media file(s),player #1:observation_with_box.mp4,0,408.975,29.97,,left-out,,POINT,363.93,observation_with_box.mp4,10907,NA,
observation,11:54.6,,407.04,Media file(s),player #1:observation_with_box.mp4,0,408.975,29.97,,left-out,,POINT,364.264,observation_with_box.mp4,10917,NA,
observation,11:54.6,,407.04,Media file(s),player #1:observation_with_box.mp4,0,408.975,29.97,,right-out,,POINT,364.664,observation_with_box.mp4,10929,NA,
observation,11:54.6,,407.04,Media file(s),player #1:observation_with_box.mp4,0,408.975,29.97,,left-in,,POINT,364.764,observation_with_box.mp4,10932,NA,
observation,11:54.6,,407.04,Media file(s),player #1:observation_with_box.mp4,0,408.975,29.97,,right-in,,POINT,365.098,observation_with_box.mp4,10942,NA,
observation,11:54.6,,407.04,Media file(s),player #1:observation_with_box.mp4,0,408.975,29.97,,left-out,,POINT,365.365,observation_with_box.mp4,10950,NA,
observation,11:54.6,,407.04,Media file(s),player #1:observation_with_box.mp4,0,408.975,29.97,,right-in,,POINT,365.465,observation_with_box.mp4,10953,NA,
observation,11:54.6,,407.04,Media file(s),player #1:observation_with_box.mp4,0,408.975,29.97,,left-out,,POINT,365.598,observation_with_box.mp4,10957,NA,
observation,11:54.6,,407.04,Media file(s),player #1:observation_with_box.mp4,0,408.975,29.97,,right-out,,POINT,365.999,observation_with_box.mp4,10969,NA,
observation,11:54.6,,407.04,Media file(s),player #1:observation_with_box.mp4,0,408.975,29.97,,right-in,,POINT,366.466,observation_with_box.mp4,10983,NA,
observation,11:54.6,,407.04,Media file(s),player #1:observation_with_box.mp4,0,408.975,29.97,,right-out,,POINT,367.133,observation_with_box.mp4,11003,NA,
observation,11:54.6,,407.04,Media file(s),player #1:observation_with_box.mp4,0,408.975,29.97,,left-out,,POINT,367.367,observation_with_box.mp4,11010,NA,
observation,11:54.6,,407.04,Media file(s),player #1:observation_with_box.mp4,0,408.975,29.97,,left-out,,POINT,367.767,observation_with_box.mp4,11022,NA,
observation,11:54.6,,407.04,Media file(s),player #1:observation_with_box.mp4,0,408.975,29.97,,right-in,,POINT,367.8,observation_with_box.mp4,11023,NA,
observation,11:54.6,,407.04,Media file(s),player #1:observation_with_box.mp4,0,408.975,29.97,,left-out,,POINT,367.967,observation_with_box.mp4,11028,NA,
observation,11:54.6,,407.04,Media file(s),player #1:observation_with_box.mp4,0,408.975,29.97,,right-in,,POINT,367.967,observation_with_box.mp4,11028,NA,
observation,11:54.6,,407.04,Media file(s),player #1:observation_with_box.mp4,0,408.975,29.97,,right-in,,POINT,368.101,observation_with_box.mp4,11032,NA,
observation,11:54.6,,407.04,Media file(s),player #1:observation_with_box.mp4,0,408.975,29.97,,left-in,,POINT,368.334,observation_with_box.mp4,11039,NA,
observation,11:54.6,,407.04,Media file(s),player #1:observation_with_box.mp4,0,408.975,29.97,,left-out,,POINT,369.168,observation_with_box.mp4,11064,NA,
observation,11:54.6,,407.04,Media file(s),player #1:observation_with_box.mp4,0,408.975,29.97,,left-out,,POINT,369.269,observation_with_box.mp4,11067,NA,
observation,11:54.6,,407.04,Media file(s),player #1:observation_with_box.mp4,0,408.975,29.97,,left-out,,POINT,369.502,observation_with_box.mp4,11074,NA,
observation,11:54.6,,407.04,Media file(s),player #1:observation_with_box.mp4,0,408.975,29.97,,left-out,,POINT,369.736,observation_with_box.mp4,11081,NA,
observation,11:54.6,,407.04,Media file(s),player #1:observation_with_box.mp4,0,408.975,29.97,,right-in,,POINT,369.736,observation_with_box.mp4,11081,NA,
observation,11:54.6,,407.04,Media file(s),player #1:observation_with_box.mp4,0,408.975,29.97,,left-out,,POINT,370.003,observation_with_box.mp4,11089,NA,
observation,11:54.6,,407.04,Media file(s),player #1:observation_with_box.mp4,0,408.975,29.97,,right-in,,POINT,370.036,observation_with_box.mp4,11090,NA,
observation,11:54.6,,407.04,Media file(s),player #1:observation_with_box.mp4,0,408.975,29.97,,left-in,,POINT,371.571,observation_with_box.mp4,11136,NA,
observation,11:54.6,,407.04,Media file(s),player #1:observation_with_box.mp4,0,408.975,29.97,,right-in,,POINT,371.804,observation_with_box.mp4,11143,NA,
observation,11:54.6,,407.04,Media file(s),player #1:observation_with_box.mp4,0,408.975,29.97,,left-in,,POINT,372.939,observation_with_box.mp4,11177,NA,
observation,11:54.6,,407.04,Media file(s),player #1:observation_with_box.mp4,0,408.975,29.97,,right-in,,POINT,373.439,observation_with_box.mp4,11192,NA,
observation,11:54.6,,407.04,Media file(s),player #1:observation_with_box.mp4,0,408.975,29.97,,right-in,,POINT,373.606,observation_with_box.mp4,11197,NA,
observation,11:54.6,,407.04,Media file(s),player #1:observation_with_box.mp4,0,408.975,29.97,,right-in,,POINT,373.64,observation_with_box.mp4,11198,NA,
observation,11:54.6,,407.04,Media file(s),player #1:observation_with_box.mp4,0,408.975,29.97,,left-out,,POINT,373.673,observation_with_box.mp4,11199,NA,
observation,11:54.6,,407.04,Media file(s),player #1:observation_with_box.mp4,0,408.975,29.97,,right-out,,POINT,373.773,observation_with_box.mp4,11202,NA,
observation,11:54.6,,407.04,Media file(s),player #1:observation_with_box.mp4,0,408.975,29.97,,left-in,,POINT,373.906,observation_with_box.mp4,11206,NA,
observation,11:54.6,,407.04,Media file(s),player #1:observation_with_box.mp4,0,408.975,29.97,,left-out,,POINT,374.04,observation_with_box.mp4,11210,NA,
observation,11:54.6,,407.04,Media file(s),player #1:observation_with_box.mp4,0,408.975,29.97,,left-in,,POINT,374.14,observation_with_box.mp4,11213,NA,
observation,11:54.6,,407.04,Media file(s),player #1:observation_with_box.mp4,0,408.975,29.97,,right-out,,POINT,374.474,observation_with_box.mp4,11223,NA,
observation,11:54.6,,407.04,Media file(s),player #1:observation_with_box.mp4,0,408.975,29.97,,right-out,,POINT,374.674,observation_with_box.mp4,11229,NA,
observation,11:54.6,,407.04,Media file(s),player #1:observation_with_box.mp4,0,408.975,29.97,,right-in,,POINT,375.308,observation_with_box.mp4,11248,NA,
observation,11:54.6,,407.04,Media file(s),player #1:observation_with_box.mp4,0,408.975,29.97,,right-out,,POINT,375.708,observation_with_box.mp4,11260,NA,
observation,11:54.6,,407.04,Media file(s),player #1:observation_with_box.mp4,0,408.975,29.97,,left-in,,POINT,376.042,observation_with_box.mp4,11270,NA,
observation,11:54.6,,407.04,Media file(s),player #1:observation_with_box.mp4,0,408.975,29.97,,left-in,,POINT,376.142,observation_with_box.mp4,11273,NA,
observation,11:54.6,,407.04,Media file(s),player #1:observation_with_box.mp4,0,408.975,29.97,,right-out,,POINT,376.242,observation_with_box.mp4,11276,NA,
observation,11:54.6,,407.04,Media file(s),player #1:observation_with_box.mp4,0,408.975,29.97,,left-out,,POINT,376.609,observation_with_box.mp4,11287,NA,
observation,11:54.6,,407.04,Media file(s),player #1:observation_with_box.mp4,0,408.975,29.97,,right-in,,POINT,376.743,observation_with_box.mp4,11291,NA,
observation,11:54.6,,407.04,Media file(s),player #1:observation_with_box.mp4,0,408.975,29.97,,right-in,,POINT,376.843,observation_with_box.mp4,11294,NA,
observation,11:54.6,,407.04,Media file(s),player #1:observation_with_box.mp4,0,408.975,29.97,,left-out,,POINT,377.01,observation_with_box.mp4,11299,NA,
observation,11:54.6,,407.04,Media file(s),player #1:observation_with_box.mp4,0,408.975,29.97,,left-out,,POINT,377.377,observation_with_box.mp4,11310,NA,
observation,11:54.6,,407.04,Media file(s),player #1:observation_with_box.mp4,0,408.975,29.97,,right-out,,POINT,377.844,observation_with_box.mp4,11324,NA,
observation,11:54.6,,407.04,Media file(s),player #1:observation_with_box.mp4,0,408.975,29.97,,right-in,,POINT,377.977,observation_with_box.mp4,11328,NA,
observation,11:54.6,,407.04,Media file(s),player #1:observation_with_box.mp4,0,408.975,29.97,,right-out,,POINT,378.344,observation_with_box.mp4,11339,NA,
observation,11:54.6,,407.04,Media file(s),player #1:observation_with_box.mp4,0,408.975,29.97,,right-in,,POINT,378.478,observation_with_box.mp4,11343,NA,
observation,11:54.6,,407.04,Media file(s),player #1:observation_with_box.mp4,0,408.975,29.97,,right-in,,POINT,378.645,observation_with_box.mp4,11348,NA,
observation,11:54.6,,407.04,Media file(s),player #1:observation_with_box.mp4,0,408.975,29.97,,left-in,,POINT,378.945,observation_with_box.mp4,11357,NA,
observation,11:54.6,,407.04,Media file(s),player #1:observation_with_box.mp4,0,408.975,29.97,,left-out,,POINT,379.078,observation_with_box.mp4,11361,NA,
observation,11:54.6,,407.04,Media file(s),player #1:observation_with_box.mp4,0,408.975,29.97,,left-in,,POINT,379.245,observation_with_box.mp4,11366,NA,
observation,11:54.6,,407.04,Media file(s),player #1:observation_with_box.mp4,0,408.975,29.97,,left-in,,POINT,379.612,observation_with_box.mp4,11377,NA,
observation,11:54.6,,407.04,Media file(s),player #1:observation_with_box.mp4,0,408.975,29.97,,right-in,,POINT,379.879,observation_with_box.mp4,11385,NA,
observation,11:54.6,,407.04,Media file(s),player #1:observation_with_box.mp4,0,408.975,29.97,,left-out,,POINT,379.913,observation_with_box.mp4,11386,NA,
observation,11:54.6,,407.04,Media file(s),player #1:observation_with_box.mp4,0,408.975,29.97,,right-in,,POINT,380.346,observation_with_box.mp4,11399,NA,
observation,11:54.6,,407.04,Media file(s),player #1:observation_with_box.mp4,0,408.975,29.97,,left-out,,POINT,380.413,observation_with_box.mp4,11401,NA,
observation,11:54.6,,407.04,Media file(s),player #1:observation_with_box.mp4,0,408.975,29.97,,right-in,,POINT,380.513,observation_with_box.mp4,11404,NA,
observation,11:54.6,,407.04,Media file(s),player #1:observation_with_box.mp4,0,408.975,29.97,,right-in,,POINT,380.647,observation_with_box.mp4,11408,NA,
observation,11:54.6,,407.04,Media file(s),player #1:observation_with_box.mp4,0,408.975,29.97,,left-out,,POINT,380.88,observation_with_box.mp4,11415,NA,
observation,11:54.6,,407.04,Media file(s),player #1:observation_with_box.mp4,0,408.975,29.97,,right-out,,POINT,380.98,observation_with_box.mp4,11418,NA,
observation,11:54.6,,407.04,Media file(s),player #1:observation_with_box.mp4,0,408.975,29.97,,left-out,,POINT,381.214,observation_with_box.mp4,11425,NA,
observation,11:54.6,,407.04,Media file(s),player #1:observation_with_box.mp4,0,408.975,29.97,,right-out,,POINT,381.214,observation_with_box.mp4,11425,NA,
observation,11:54.6,,407.04,Media file(s),player #1:observation_with_box.mp4,0,408.975,29.97,,right-in,,POINT,381.614,observation_with_box.mp4,11437,NA,
observation,11:54.6,,407.04,Media file(s),player #1:observation_with_box.mp4,0,408.975,29.97,,right-in,,POINT,382.015,observation_with_box.mp4,11449,NA,
observation,11:54.6,,407.04,Media file(s),player #1:observation_with_box.mp4,0,408.975,29.97,,right-in,,POINT,382.148,observation_with_box.mp4,11453,NA,
observation,11:54.6,,407.04,Media file(s),player #1:observation_with_box.mp4,0,408.975,29.97,,left-out,,POINT,382.348,observation_with_box.mp4,11459,NA,
observation,11:54.6,,407.04,Media file(s),player #1:observation_with_box.mp4,0,408.975,29.97,,right-in,,POINT,382.615,observation_with_box.mp4,11467,NA,
observation,11:54.6,,407.04,Media file(s),player #1:observation_with_box.mp4,0,408.975,29.97,,right-in,,POINT,382.682,observation_with_box.mp4,11469,NA,
observation,11:54.6,,407.04,Media file(s),player #1:observation_with_box.mp4,0,408.975,29.97,,left-out,,POINT,382.715,observation_with_box.mp4,11470,NA,
observation,11:54.6,,407.04,Media file(s),player #1:observation_with_box.mp4,0,408.975,29.97,,left-out,,POINT,382.749,observation_with_box.mp4,11471,NA,
observation,11:54.6,,407.04,Media file(s),player #1:observation_with_box.mp4,0,408.975,29.97,,left-out,,POINT,382.882,observation_with_box.mp4,11475,NA,
observation,11:54.6,,407.04,Media file(s),player #1:observation_with_box.mp4,0,408.975,29.97,,left-out,,POINT,382.982,observation_with_box.mp4,11478,NA,
observation,11:54.6,,407.04,Media file(s),player #1:observation_with_box.mp4,0,408.975,29.97,,left-out,,POINT,383.416,observation_with_box.mp4,11491,NA,
observation,11:54.6,,407.04,Media file(s),player #1:observation_with_box.mp4,0,408.975,29.97,,left-out,,POINT,383.65,observation_with_box.mp4,11498,NA,
observation,11:54.6,,407.04,Media file(s),player #1:observation_with_box.mp4,0,408.975,29.97,,left-in,,POINT,384.05,observation_with_box.mp4,11510,NA,
observation,11:54.6,,407.04,Media file(s),player #1:observation_with_box.mp4,0,408.975,29.97,,left-in,,POINT,384.15,observation_with_box.mp4,11513,NA,
observation,11:54.6,,407.04,Media file(s),player #1:observation_with_box.mp4,0,408.975,29.97,,right-in,,POINT,384.15,observation_with_box.mp4,11513,NA,
observation,11:54.6,,407.04,Media file(s),player #1:observation_with_box.mp4,0,408.975,29.97,,right-in,,POINT,384.284,observation_with_box.mp4,11517,NA,
observation,11:54.6,,407.04,Media file(s),player #1:observation_with_box.mp4,0,408.975,29.97,,left-out,,POINT,384.317,observation_with_box.mp4,11518,NA,
observation,11:54.6,,407.04,Media file(s),player #1:observation_with_box.mp4,0,408.975,29.97,,right-in,,POINT,384.55,observation_with_box.mp4,11525,NA,
observation,11:54.6,,407.04,Media file(s),player #1:observation_with_box.mp4,0,408.975,29.97,,right-out,,POINT,384.55,observation_with_box.mp4,11525,NA,
observation,11:54.6,,407.04,Media file(s),player #1:observation_with_box.mp4,0,408.975,29.97,,left-in,,POINT,384.651,observation_with_box.mp4,11528,NA,
observation,11:54.6,,407.04,Media file(s),player #1:observation_with_box.mp4,0,408.975,29.97,,right-in,,POINT,384.817,observation_with_box.mp4,11533,NA,
observation,11:54.6,,407.04,Media file(s),player #1:observation_with_box.mp4,0,408.975,29.97,,right-in,,POINT,385.251,observation_with_box.mp4,11546,NA,
observation,11:54.6,,407.04,Media file(s),player #1:observation_with_box.mp4,0,408.975,29.97,,right-in,,POINT,385.418,observation_with_box.mp4,11551,NA,
observation,11:54.6,,407.04,Media file(s),player #1:observation_with_box.mp4,0,408.975,29.97,,left-out,,POINT,385.485,observation_with_box.mp4,11553,NA,
observation,11:54.6,,407.04,Media file(s),player #1:observation_with_box.mp4,0,408.975,29.97,,right-out,,POINT,385.718,observation_with_box.mp4,11560,NA,
observation,11:54.6,,407.04,Media file(s),player #1:observation_with_box.mp4,0,408.975,29.97,,left-out,,POINT,385.918,observation_with_box.mp4,11566,NA,
observation,11:54.6,,407.04,Media file(s),player #1:observation_with_box.mp4,0,408.975,29.97,,left-out,,POINT,386.586,observation_with_box.mp4,11586,NA,
observation,11:54.6,,407.04,Media file(s),player #1:observation_with_box.mp4,0,408.975,29.97,,left-out,,POINT,386.653,observation_with_box.mp4,11588,NA,
observation,11:54.6,,407.04,Media file(s),player #1:observation_with_box.mp4,0,408.975,29.97,,right-in,,POINT,386.719,observation_with_box.mp4,11590,NA,
observation,11:54.6,,407.04,Media file(s),player #1:observation_with_box.mp4,0,408.975,29.97,,right-out,,POINT,386.719,observation_with_box.mp4,11590,NA,
observation,11:54.6,,407.04,Media file(s),player #1:observation_with_box.mp4,0,408.975,29.97,,left-out,,POINT,386.986,observation_with_box.mp4,11598,NA,
observation,11:54.6,,407.04,Media file(s),player #1:observation_with_box.mp4,0,408.975,29.97,,right-in,,POINT,387.02,observation_with_box.mp4,11599,NA,
observation,11:54.6,,407.04,Media file(s),player #1:observation_with_box.mp4,0,408.975,29.97,,left-out,,POINT,387.32,observation_with_box.mp4,11608,NA,
observation,11:54.6,,407.04,Media file(s),player #1:observation_with_box.mp4,0,408.975,29.97,,left-out,,POINT,387.82,observation_with_box.mp4,11623,NA,
observation,11:54.6,,407.04,Media file(s),player #1:observation_with_box.mp4,0,408.975,29.97,,left-out,,POINT,388.288,observation_with_box.mp4,11637,NA,
observation,11:54.6,,407.04,Media file(s),player #1:observation_with_box.mp4,0,408.975,29.97,,left-out,,POINT,388.888,observation_with_box.mp4,11655,NA,
observation,11:54.6,,407.04,Media file(s),player #1:observation_with_box.mp4,0,408.975,29.97,,left-in,,POINT,389.255,observation_with_box.mp4,11666,NA,
observation,11:54.6,,407.04,Media file(s),player #1:observation_with_box.mp4,0,408.975,29.97,,left-out,,POINT,389.889,observation_with_box.mp4,11685,NA,
observation,11:54.6,,407.04,Media file(s),player #1:observation_with_box.mp4,0,408.975,29.97,,right-in,,POINT,390.023,observation_with_box.mp4,11689,NA,
observation,11:54.6,,407.04,Media file(s),player #1:observation_with_box.mp4,0,408.975,29.97,,right-in,,POINT,390.223,observation_with_box.mp4,11695,NA,
observation,11:54.6,,407.04,Media file(s),player #1:observation_with_box.mp4,0,408.975,29.97,,right-in,,POINT,390.556,observation_with_box.mp4,11705,NA,
observation,11:54.6,,407.04,Media file(s),player #1:observation_with_box.mp4,0,408.975,29.97,,right-out,,POINT,390.657,observation_with_box.mp4,11708,NA,
observation,11:54.6,,407.04,Media file(s),player #1:observation_with_box.mp4,0,408.975,29.97,,left-out,,POINT,391.424,observation_with_box.mp4,11731,NA,
observation,11:54.6,,407.04,Media file(s),player #1:observation_with_box.mp4,0,408.975,29.97,,left-in,,POINT,391.658,observation_with_box.mp4,11738,NA,
observation,11:54.6,,407.04,Media file(s),player #1:observation_with_box.mp4,0,408.975,29.97,,left-out,,POINT,391.758,observation_with_box.mp4,11741,NA,
observation,11:54.6,,407.04,Media file(s),player #1:observation_with_box.mp4,0,408.975,29.97,,right-in,,POINT,391.958,observation_with_box.mp4,11747,NA,
observation,11:54.6,,407.04,Media file(s),player #1:observation_with_box.mp4,0,408.975,29.97,,left-in,,POINT,392.425,observation_with_box.mp4,11761,NA,
observation,11:54.6,,407.04,Media file(s),player #1:observation_with_box.mp4,0,408.975,29.97,,left-in,,POINT,392.492,observation_with_box.mp4,11763,NA,
observation,11:54.6,,407.04,Media file(s),player #1:observation_with_box.mp4,0,408.975,29.97,,left-out,,POINT,393.293,observation_with_box.mp4,11787,NA,
observation,11:54.6,,407.04,Media file(s),player #1:observation_with_box.mp4,0,408.975,29.97,,left-out,,POINT,393.526,observation_with_box.mp4,11794,NA,
observation,11:54.6,,407.04,Media file(s),player #1:observation_with_box.mp4,0,408.975,29.97,,right-in,,POINT,393.726,observation_with_box.mp4,11800,NA,
observation,11:54.6,,407.04,Media file(s),player #1:observation_with_box.mp4,0,408.975,29.97,,right-out,,POINT,393.893,observation_with_box.mp4,11805,NA,
observation,11:54.6,,407.04,Media file(s),player #1:observation_with_box.mp4,0,408.975,29.97,,right-out,,POINT,393.993,observation_with_box.mp4,11808,NA,
observation,11:54.6,,407.04,Media file(s),player #1:observation_with_box.mp4,0,408.975,29.97,,right-out,,POINT,394.694,observation_with_box.mp4,11829,NA,
observation,11:54.6,,407.04,Media file(s),player #1:observation_with_box.mp4,0,408.975,29.97,,right-in,,POINT,394.961,observation_with_box.mp4,11837,NA,
observation,11:54.6,,407.04,Media file(s),player #1:observation_with_box.mp4,0,408.975,29.97,,left-in,,POINT,394.994,observation_with_box.mp4,11838,NA,
observation,11:54.6,,407.04,Media file(s),player #1:observation_with_box.mp4,0,408.975,29.97,,left-out,,POINT,395.228,observation_with_box.mp4,11845,NA,
observation,11:54.6,,407.04,Media file(s),player #1:observation_with_box.mp4,0,408.975,29.97,,right-in,,POINT,395.561,observation_with_box.mp4,11855,NA,
observation,11:54.6,,407.04,Media file(s),player #1:observation_with_box.mp4,0,408.975,29.97,,left-in,,POINT,395.995,observation_with_box.mp4,11868,NA,
observation,11:54.6,,407.04,Media file(s),player #1:observation_with_box.mp4,0,408.975,29.97,,right-in,,POINT,396.095,observation_with_box.mp4,11871,NA,
observation,11:54.6,,407.04,Media file(s),player #1:observation_with_box.mp4,0,408.975,29.97,,right-in,,POINT,396.796,observation_with_box.mp4,11892,NA,
observation,11:54.6,,407.04,Media file(s),player #1:observation_with_box.mp4,0,408.975,29.97,,right-in,,POINT,397.43,observation_with_box.mp4,11911,NA,
observation,11:54.6,,407.04,Media file(s),player #1:observation_with_box.mp4,0,408.975,29.97,,right-out,,POINT,397.43,observation_with_box.mp4,11911,NA,
observation,11:54.6,,407.04,Media file(s),player #1:observation_with_box.mp4,0,408.975,29.97,,left-out,,POINT,397.463,observation_with_box.mp4,11912,NA,
observation,11:54.6,,407.04,Media file(s),player #1:observation_with_box.mp4,0,408.975,29.97,,right-in,,POINT,397.73,observation_with_box.mp4,11920,NA,
observation,11:54.6,,407.04,Media file(s),player #1:observation_with_box.mp4,0,408.975,29.97,,right-in,,POINT,397.864,observation_with_box.mp4,11924,NA,
observation,11:54.6,,407.04,Media file(s),player #1:observation_with_box.mp4,0,408.975,29.97,,left-out,,POINT,397.964,observation_with_box.mp4,11927,NA,
observation,11:54.6,,407.04,Media file(s),player #1:observation_with_box.mp4,0,408.975,29.97,,left-out,,POINT,398.131,observation_with_box.mp4,11932,NA,
observation,11:54.6,,407.04,Media file(s),player #1:observation_with_box.mp4,0,408.975,29.97,,left-out,,POINT,398.364,observation_with_box.mp4,11939,NA,
observation,11:54.6,,407.04,Media file(s),player #1:observation_with_box.mp4,0,408.975,29.97,,right-in,,POINT,398.665,observation_with_box.mp4,11948,NA,
observation,11:54.6,,407.04,Media file(s),player #1:observation_with_box.mp4,0,408.975,29.97,,left-out,,POINT,399.098,observation_with_box.mp4,11961,NA,
observation,11:54.6,,407.04,Media file(s),player #1:observation_with_box.mp4,0,408.975,29.97,,left-out,,POINT,399.766,observation_with_box.mp4,11981,NA,
observation,11:54.6,,407.04,Media file(s),player #1:observation_with_box.mp4,0,408.975,29.97,,right-in,,POINT,399.766,observation_with_box.mp4,11981,NA,
observation,11:54.6,,407.04,Media file(s),player #1:observation_with_box.mp4,0,408.975,29.97,,right-in,,POINT,399.999,observation_with_box.mp4,11988,NA,
observation,11:54.6,,407.04,Media file(s),player #1:observation_with_box.mp4,0,408.975,29.97,,right-in,,POINT,400.199,observation_with_box.mp4,11994,NA,
observation,11:54.6,,407.04,Media file(s),player #1:observation_with_box.mp4,0,408.975,29.97,,right-out,,POINT,400.266,observation_with_box.mp4,11996,NA,
observation,11:54.6,,407.04,Media file(s),player #1:observation_with_box.mp4,0,408.975,29.97,,left-out,,POINT,400.433,observation_with_box.mp4,12001,NA,
observation,11:54.6,,407.04,Media file(s),player #1:observation_with_box.mp4,0,408.975,29.97,,left-out,,POINT,400.667,observation_with_box.mp4,12008,NA,
observation,11:54.6,,407.04,Media file(s),player #1:observation_with_box.mp4,0,408.975,29.97,,right-in,,POINT,401,observation_with_box.mp4,12018,NA,
observation,11:54.6,,407.04,Media file(s),player #1:observation_with_box.mp4,0,408.975,29.97,,left-out,,POINT,401.601,observation_with_box.mp4,12036,NA,
observation,11:54.6,,407.04,Media file(s),player #1:observation_with_box.mp4,0,408.975,29.97,,right-in,,POINT,402.068,observation_with_box.mp4,12050,NA,
observation,11:54.6,,407.04,Media file(s),player #1:observation_with_box.mp4,0,408.975,29.97,,right-in,,POINT,402.302,observation_with_box.mp4,12057,NA,
observation,11:54.6,,407.04,Media file(s),player #1:observation_with_box.mp4,0,408.975,29.97,,right-in,,POINT,402.669,observation_with_box.mp4,12068,NA,
observation,11:54.6,,407.04,Media file(s),player #1:observation_with_box.mp4,0,408.975,29.97,,left-out,,POINT,402.769,observation_with_box.mp4,12071,NA,
observation,11:54.6,,407.04,Media file(s),player #1:observation_with_box.mp4,0,408.975,29.97,,right-in,,POINT,402.869,observation_with_box.mp4,12074,NA,
observation,11:54.6,,407.04,Media file(s),player #1:observation_with_box.mp4,0,408.975,29.97,,right-in,,POINT,403.069,observation_with_box.mp4,12080,NA,
observation,11:54.6,,407.04,Media file(s),player #1:observation_with_box.mp4,0,408.975,29.97,,left-out,,POINT,403.236,observation_with_box.mp4,12085,NA,
observation,11:54.6,,407.04,Media file(s),player #1:observation_with_box.mp4,0,408.975,29.97,,right-in,,POINT,403.536,observation_with_box.mp4,12094,NA,
observation,11:54.6,,407.04,Media file(s),player #1:observation_with_box.mp4,0,408.975,29.97,,left-out,,POINT,403.937,observation_with_box.mp4,12106,NA,
observation,11:54.6,,407.04,Media file(s),player #1:observation_with_box.mp4,0,408.975,29.97,,right-in,,POINT,404.103,observation_with_box.mp4,12111,NA,
observation,11:54.6,,407.04,Media file(s),player #1:observation_with_box.mp4,0,408.975,29.97,,left-out,,POINT,404.404,observation_with_box.mp4,12120,NA,
observation,11:54.6,,407.04,Media file(s),player #1:observation_with_box.mp4,0,408.975,29.97,,left-out,,POINT,404.57,observation_with_box.mp4,12125,NA,
observation,11:54.6,,407.04,Media file(s),player #1:observation_with_box.mp4,0,408.975,29.97,,right-in,,POINT,404.604,observation_with_box.mp4,12126,NA,
observation,11:54.6,,407.04,Media file(s),player #1:observation_with_box.mp4,0,408.975,29.97,,left-in,,POINT,405.271,observation_with_box.mp4,12146,NA,
observation,11:54.6,,407.04,Media file(s),player #1:observation_with_box.mp4,0,408.975,29.97,,right-in,,POINT,405.338,observation_with_box.mp4,12148,NA,
observation,11:54.6,,407.04,Media file(s),player #1:observation_with_box.mp4,0,408.975,29.97,,left-in,,POINT,405.405,observation_with_box.mp4,12150,NA,
observation,11:54.6,,407.04,Media file(s),player #1:observation_with_box.mp4,0,408.975,29.97,,left-out,,POINT,406.139,observation_with_box.mp4,12172,NA,
observation,11:54.6,,407.04,Media file(s),player #1:observation_with_box.mp4,0,408.975,29.97,,left-out,,POINT,406.205,observation_with_box.mp4,12174,NA,
observation,11:54.6,,407.04,Media file(s),player #1:observation_with_box.mp4,0,408.975,29.97,,left-out,,POINT,406.606,observation_with_box.mp4,12186,NA,
observation,11:54.6,,407.04,Media file(s),player #1:observation_with_box.mp4,0,408.975,29.97,,right-out,,POINT,406.639,observation_with_box.mp4,12187,NA,
observation,11:54.6,,407.04,Media file(s),player #1:observation_with_box.mp4,0,408.975,29.97,,right-in,,POINT,406.806,observation_with_box.mp4,12192,NA,
observation,11:54.6,,407.04,Media file(s),player #1:observation_with_box.mp4,0,408.975,29.97,,right-out,,POINT,406.973,observation_with_box.mp4,12197,NA,
observation,11:54.6,,407.04,Media file(s),player #1:observation_with_box.mp4,0,408.975,29.97,,left-out,,POINT,407.273,observation_with_box.mp4,12206,NA,
observation,11:54.6,,407.04,Media file(s),player #1:observation_with_box.mp4,0,408.975,29.97,,right-in,,POINT,407.507,observation_with_box.mp4,12213,NA,
observation,11:54.6,,407.04,Media file(s),player #1:observation_with_box.mp4,0,408.975,29.97,,left-out,,POINT,407.607,observation_with_box.mp4,12216,NA,
observation,11:54.6,,407.04,Media file(s),player #1:observation_with_box.mp4,0,408.975,29.97,,left-out,,POINT,408.341,observation_with_box.mp4,12238,NA,
observation,11:54.6,,407.04,Media file(s),player #1:observation_with_box.mp4,0,408.975,29.97,,left-out,,POINT,408.508,observation_with_box.mp4,12243,NA,
observation,11:54.6,,407.04,Media file(s),player #1:observation_with_box.mp4,0,408.975,29.97,,left-out,,POINT,408.608,observation_with_box.mp4,12246,NA,
observation,11:54.6,,407.04,Media file(s),player #1:observation_with_box.mp4,0,408.975,29.97,,left-in,,POINT,408.808,observation_with_box.mp4,12252,NA,
observation,11:54.6,,407.04,Media file(s),player #1:observation_with_box.mp4,0,408.975,29.97,,Bridge,,STOP,408.975,observation_with_box.mp4,12257,NA,
observation,11:54.6,,407.04,Media file(s),player #1:observation_with_box.mp4,0,408.975,29.97,,left-in,,POINT,408.975,observation_with_box.mp4,12257,NA,
